GLOBAL_UNIQUE_IDENTIFIER,LAST_EDITED_DATE,TAXONOMIC_ORDER,CATEGORY,TAXON_CONCEPT_ID,COMMON_NAME,SCIENTIFIC_NAME,SUBSPECIES_COMMON_NAME,SUBSPECIES_SCIENTIFIC_NAME,EXOTIC_CODE,OBSERVATION_COUNT,BREEDING_CODE,BREEDING_CATEGORY,BEHAVIOR_CODE,AGE/SEX,COUNTRY,COUNTRY_CODE,STATE,STATE_CODE,COUNTY,COUNTY_CODE,IBA_CODE,BCR_CODE,USFWS_CODE,ATLAS_BLOCK,LOCALITY,LOCALITY_ID,LOCALITY_TYPE,LATITUDE,LONGITUDE,OBSERVATION_DATE,TIME_OBSERVATIONS_STARTED,OBSERVER_ID,SAMPLING_EVENT_IDENTIFIER,PROTOCOL_TYPE,PROTOCOL_CODE,PROJECT_CODE,DURATION_MINUTES,EFFORT_DISTANCE_KM,EFFORT_AREA_HA,NUMBER_OBSERVERS,ALL_SPECIES_REPORTED,GROUP_IDENTIFIER,HAS_MEDIA,APPROVED,REVIEWED,REASON,TRIP_COMMENTS,SPECIES_COMMENTS
URN:CornellLabOfOrnithology:EBIRD:OBS1256403565,2021-10-12 12:26:30.347345,21168,species,avibase-69544B59,American Crow,Corvus brachyrhynchos,,,,4,,,,,United States,US,North Carolina,US-NC,Pamlico,US-NC-137,,27,,35076C5SE,"34 Middle Prong Rd, Hobucken US-NC 35.29005, -76.55812",L16626005,P,35.2900480,-76.5581170,2021-10-12,10:01:00,obsr333452,S96031834,Traveling,P22,EBIRD_ATL_NC,52,1.828,,1,1,,0,1,0,,67 Overcast NNE 6,
URN:CornellLabOfOrnithology:EBIRD:OBS1256403556,2021-10-12 12:26:30.311041,28096,species,avibase-D77E4B41,American Robin,Turdus migratorius,,,,1,,,,,United States,US,North Carolina,US-NC,Pamlico,US-NC-137,,27,,35076C5SE,"34 Middle Prong Rd, Hobucken US-NC 35.29005, -76.55812",L16626005,P,35.2900480,-76.5581170,2021-10-12,10:01:00,obsr333452,S96031834,Traveling,P22,EBIRD_ATL_NC,52,1.828,,1,1,,0,1,0,,67 Overcast NNE 6,
URN:CornellLabOfOrnithology:EBIRD:OBS1256403564,2021-10-12 12:26:30.346535,8187,species,avibase-FED3756C,Bald Eagle,Haliaeetus leucocephalus,,,,4,,,,,United States,US,North Carolina,US-NC,Pamlico,US-NC-137,,27,,35076C5SE,"34 Middle Prong Rd, Hobucken US-NC 35.29005, -76.55812",L16626005,P,35.2900480,-76.5581170,2021-10-12,10:01:00,obsr333452,S96031834,Traveling,P22,EBIRD_ATL_NC,52,1.828,,1,1,,0,1,0,,67 Overcast NNE 6,
URN:CornellLabOfOrnithology:EBIRD:OBS1256403557,2021-10-12 12:26:30.323411,20899,species,avibase-1DA430B8,Blue Jay,Cyanocitta cristata,,,,5,,,,,United States,US,North Carolina,US-NC,Pamlico,US-NC-137,,27,,35076C5SE,"34 Middle Prong Rd, Hobucken US-NC 35.29005, -76.55812",L16626005,P,35.2900480,-76.5581170,2021-10-12,10:01:00,obsr333452,S96031834,Traveling,P22,EBIRD_ATL_NC,52,1.828,,1,1,,0,1,0,,67 Overcast NNE 6,
URN:CornellLabOfOrnithology:EBIRD:OBS1256403558,2021-10-12 12:26:30.324397,27577,species,avibase-C8F9F2D0,Brown Thrasher,Toxostoma rufum,,,,3,,,,,United States,US,North Carolina,US-NC,Pamlico,US-NC-137,,27,,35076C5SE,"34 Middle Prong Rd, Hobucken US-NC 35.29005, -76.55812",L16626005,P,35.2900480,-76.5581170,2021-10-12,10:01:00,obsr333452,S96031834,Traveling,P22,EBIRD_ATL_NC,52,1.828,,1,1,,0,1,0,,67 Overcast NNE 6,
URN:CornellLabOfOrnithology:EBIRD:OBS1256403566,2021-10-12 12:26:30.348163,324,species,avibase-B59E1863,Canada Goose,Branta canadensis,,,,130,,,,,United States,US,North Carolina,US-NC,Pamlico,US-NC-137,,27,,35076C5SE,"34 Middle Prong Rd, Hobucken US-NC 35.29005, -76.55812",L16626005,P,35.2900480,-76.5581170,2021-10-12,10:01:00,obsr333452,S96031834,Traveling,P22,EBIRD_ATL_NC,52,1.828,,1,1,,0,1,0,,67 Overcast NNE 6,
URN:CornellLabOfOrnithology:EBIRD:OBS1256403550,2021-10-12 12:26:30.302241,21671,species,avibase-F941AAD3,Carolina Chickadee,Poecile carolinensis,,,,2,,,,,United States,US,North Carolina,US-NC,Pamlico,US-NC-137,,27,,35076C5SE,"34 Middle Prong Rd, Hobucken US-NC 35.29005, -76.55812",L16626005,P,35.2900480,-76.5581170,2021-10-12,10:01:00,obsr333452,S96031834,Traveling,P22,EBIRD_ATL_NC,52,1.828,,1,1,,0,1,0,,67 Overcast NNE 6,
URN:CornellLabOfOrnithology:EBIRD:OBS1256403554,2021-10-12 12:26:30.309334,26897,species,avibase-CB5469E1,Carolina Wren,Thryothorus ludovicianus,,,,1,,,,,United States,US,North Carolina,US-NC,Pamlico,US-NC-137,,27,,35076C5SE,"34 Middle Prong Rd, Hobucken US-NC 35.29005, -76.55812",L16626005,P,35.2900480,-76.5581170,2021-10-12,10:01:00,obsr333452,S96031834,Traveling,P22,EBIRD_ATL_NC,52,1.828,,1,1,,0,1,0,,67 Overcast NNE 6,
URN:CornellLabOfOrnithology:EBIRD:OBS1256403553,2021-10-12 12:26:30.305647,27662,species,avibase-A8347C7D,Eastern Bluebird,Sialia sialis,,,,2,,,,,United States,US,North Carolina,US-NC,Pamlico,US-NC-137,,27,,35076C5SE,"34 Middle Prong Rd, Hobucken US-NC 35.29005, -76.55812",L16626005,P,35.2900480,-76.5581170,2021-10-12,10:01:00,obsr333452,S96031834,Traveling,P22,EBIRD_ATL_NC,52,1.828,,1,1,,0,1,0,,67 Overcast NNE 6,
URN:CornellLabOfOrnithology:EBIRD:OBS1256403560,2021-10-12 12:26:30.328077,33044,species,avibase-8CD66855,Eastern Meadowlark,Sturnella magna,,,,3,,,,,United States,US,North Carolina,US-NC,Pamlico,US-NC-137,,27,,35076C5SE,"34 Middle Prong Rd, Hobucken US-NC 35.29005, -76.55812",L16626005,P,35.2900480,-76.5581170,2021-10-12,10:01:00,obsr333452,S96031834,Traveling,P22,EBIRD_ATL_NC,52,1.828,,1,1,,0,1,0,,67 Overcast NNE 6,
URN:CornellLabOfOrnithology:EBIRD:OBS1256403555,2021-10-12 12:26:30.310179,16697,species,avibase-62CA2AF8,Eastern Phoebe,Sayornis phoebe,,,,1,,,,,United States,US,North Carolina,US-NC,Pamlico,US-NC-137,,27,,35076C5SE,"34 Middle Prong Rd, Hobucken US-NC 35.29005, -76.55812",L16626005,P,35.2900480,-76.5581170,2021-10-12,10:01:00,obsr333452,S96031834,Traveling,P22,EBIRD_ATL_NC,52,1.828,,1,1,,0,1,0,,67 Overcast NNE 6,
URN:CornellLabOfOrnithology:EBIRD:OBS1256403569,2021-10-12 12:26:30.354724,27356,species,avibase-94A44032,European Starling,Sturnus vulgaris,,,N,5,,,,,United States,US,North Carolina,US-NC,Pamlico,US-NC-137,,27,,35076C5SE,"34 Middle Prong Rd, Hobucken US-NC 35.29005, -76.55812",L16626005,P,35.2900480,-76.5581170,2021-10-12,10:01:00,obsr333452,S96031834,Traveling,P22,EBIRD_ATL_NC,52,1.828,,1,1,,0,1,0,,67 Overcast NNE 6,
URN:CornellLabOfOrnithology:EBIRD:OBS1256403561,2021-10-12 12:26:30.343717,7514,species,avibase-93694BB5,Great Blue Heron,Ardea herodias,,,,4,,,,,United States,US,North Carolina,US-NC,Pamlico,US-NC-137,,27,,35076C5SE,"34 Middle Prong Rd, Hobucken US-NC 35.29005, -76.55812",L16626005,P,35.2900480,-76.5581170,2021-10-12,10:01:00,obsr333452,S96031834,Traveling,P22,EBIRD_ATL_NC,52,1.828,,1,1,,0,1,0,,67 Overcast NNE 6,
URN:CornellLabOfOrnithology:EBIRD:OBS1256403568,2021-10-12 12:26:30.353879,26737,species,avibase-A381417F,House Wren,Troglodytes aedon,,,,1,,,,,United States,US,North Carolina,US-NC,Pamlico,US-NC-137,,27,,35076C5SE,"34 Middle Prong Rd, Hobucken US-NC 35.29005, -76.55812",L16626005,P,35.2900480,-76.5581170,2021-10-12,10:01:00,obsr333452,S96031834,Traveling,P22,EBIRD_ATL_NC,52,1.828,,1,1,,0,1,0,,67 Overcast NNE 6,
URN:CornellLabOfOrnithology:EBIRD:OBS1256403567,2021-10-12 12:26:30.353045,5798,species,avibase-BCF9A19A,Killdeer,Charadrius vociferus,,,,10,,,,,United States,US,North Carolina,US-NC,Pamlico,US-NC-137,,27,,35076C5SE,"34 Middle Prong Rd, Hobucken US-NC 35.29005, -76.55812",L16626005,P,35.2900480,-76.5581170,2021-10-12,10:01:00,obsr333452,S96031834,Traveling,P22,EBIRD_ATL_NC,52,1.828,,1,1,,0,1,0,,67 Overcast NNE 6,
URN:CornellLabOfOrnithology:EBIRD:OBS1256403552,2021-10-12 12:26:30.304823,2427,species,avibase-00124D98,Mourning Dove,Zenaida macroura,,,,5,,,,,United States,US,North Carolina,US-NC,Pamlico,US-NC-137,,27,,35076C5SE,"34 Middle Prong Rd, Hobucken US-NC 35.29005, -76.55812",L16626005,P,35.2900480,-76.5581170,2021-10-12,10:01:00,obsr333452,S96031834,Traveling,P22,EBIRD_ATL_NC,52,1.828,,1,1,,0,1,0,,67 Overcast NNE 6,
URN:CornellLabOfOrnithology:EBIRD:OBS1256403563,2021-10-12 12:26:30.345715,11665,species,avibase-75600969,Northern Flicker,Colaptes auratus,,,,4,,,,,United States,US,North Carolina,US-NC,Pamlico,US-NC-137,,27,,35076C5SE,"34 Middle Prong Rd, Hobucken US-NC 35.29005, -76.55812",L16626005,P,35.2900480,-76.5581170,2021-10-12,10:01:00,obsr333452,S96031834,Traveling,P22,EBIRD_ATL_NC,52,1.828,,1,1,,0,1,0,,67 Overcast NNE 6,
URN:CornellLabOfOrnithology:EBIRD:OBS1256403551,2021-10-12 12:26:30.303916,27652,species,avibase-7EFF698D,Northern Mockingbird,Mimus polyglottos,,,,3,,,,,United States,US,North Carolina,US-NC,Pamlico,US-NC-137,,27,,35076C5SE,"34 Middle Prong Rd, Hobucken US-NC 35.29005, -76.55812",L16626005,P,35.2900480,-76.5581170,2021-10-12,10:01:00,obsr333452,S96031834,Traveling,P22,EBIRD_ATL_NC,52,1.828,,1,1,,0,1,0,,67 Overcast NNE 6,
URN:CornellLabOfOrnithology:EBIRD:OBS1256403562,2021-10-12 12:26:30.344864,10979,species,avibase-078557F2,Red-bellied Woodpecker,Melanerpes carolinus,,,,1,,,,,United States,US,North Carolina,US-NC,Pamlico,US-NC-137,,27,,35076C5SE,"34 Middle Prong Rd, Hobucken US-NC 35.29005, -76.55812",L16626005,P,35.2900480,-76.5581170,2021-10-12,10:01:00,obsr333452,S96031834,Traveling,P22,EBIRD_ATL_NC,52,1.828,,1,1,,0,1,0,,67 Overcast NNE 6,
URN:CornellLabOfOrnithology:EBIRD:OBS1256403559,2021-10-12 12:26:30.326235,8284,species,avibase-EA4D6C0B,Red-shouldered Hawk,Buteo lineatus,,,,1,,,,,United States,US,North Carolina,US-NC,Pamlico,US-NC-137,,27,,35076C5SE,"34 Middle Prong Rd, Hobucken US-NC 35.29005, -76.55812",L16626005,P,35.2900480,-76.5581170,2021-10-12,10:01:00,obsr333452,S96031834,Traveling,P22,EBIRD_ATL_NC,52,1.828,,1,1,,0,1,0,,67 Overcast NNE 6,
URN:CornellLabOfOrnithology:EBIRD:OBS1256403570,2021-10-12 12:26:30.355543,7624,species,avibase-36B3872D,Turkey Vulture,Cathartes aura,,,,1,,,,,United States,US,North Carolina,US-NC,Pamlico,US-NC-137,,27,,35076C5SE,"34 Middle Prong Rd, Hobucken US-NC 35.29005, -76.55812",L16626005,P,35.2900480,-76.5581170,2021-10-12,10:01:00,obsr333452,S96031834,Traveling,P22,EBIRD_ATL_NC,52,1.828,,1,1,,0,1,0,,67 Overcast NNE 6,
URN:CornellLabOfOrnithology:EBIRD:OBS1718881322,2023-05-17 14:11:53.092366,16641,species,avibase-2778A3F4,Acadian Flycatcher,Empidonax virescens,,,,1,S ,C2,S ,,United States,US,North Carolina,US-NC,Jackson,US-NC-099,,28,,35083D3SE,"West Piney Mountain Rd, Whittier, North Carolina, US (35.393, -83.289)",L23352395,P,35.3926225,-83.2890822,2023-05-11,07:50:00,obsr483073,S137034789,Traveling,P22,EBIRD_ATL_NC,32,0.982,,1,1,,0,1,0,,,
URN:CornellLabOfOrnithology:EBIRD:OBS1727350160,2023-05-15 13:15:02.949678,16641,species,avibase-2778A3F4,Acadian Flycatcher,Empidonax virescens,,,,2,S ,C2,S ,"Male, Adult (2)",United States,US,North Carolina,US-NC,Jackson,US-NC-099,,28,,35083D2SE,"Wild Horse Road/Skyland Rd, Sylva, North Carolina, US (35.407, -83.16)",L24373050,P,35.4067077,-83.1604506,2023-05-15,11:18:00,obsr483073,S137870497,Traveling,P22,EBIRD_ATL_NC,36,1.271,,1,1,,0,1,0,,,
URN:CornellLabOfOrnithology:EBIRD:OBS1718881312,2023-05-17 14:11:53.092366,21168,species,avibase-69544B59,American Crow,Corvus brachyrhynchos,,,,2,H ,C2,H ,,United States,US,North Carolina,US-NC,Jackson,US-NC-099,,28,,35083D3SE,"West Piney Mountain Rd, Whittier, North Carolina, US (35.393, -83.289)",L23352395,P,35.3926225,-83.2890822,2023-05-11,07:50:00,obsr483073,S137034789,Traveling,P22,EBIRD_ATL_NC,32,0.982,,1,1,,0,1,0,,,
URN:CornellLabOfOrnithology:EBIRD:OBS1718881323,2023-05-17 14:11:53.092366,32095,species,avibase-C9ABA616,American Goldfinch,Spinus tristis,,,,1,H ,C2,H ,,United States,US,North Carolina,US-NC,Jackson,US-NC-099,,28,,35083D3SE,"West Piney Mountain Rd, Whittier, North Carolina, US (35.393, -83.289)",L23352395,P,35.3926225,-83.2890822,2023-05-11,07:50:00,obsr483073,S137034789,Traveling,P22,EBIRD_ATL_NC,32,0.982,,1,1,,0,1,0,,,
URN:CornellLabOfOrnithology:EBIRD:OBS1718881325,2023-05-17 14:11:53.092366,33529,species,avibase-BED38F50,American Redstart,Setophaga ruticilla,,,,1,,,,,United States,US,North Carolina,US-NC,Jackson,US-NC-099,,28,,35083D3SE,"West Piney Mountain Rd, Whittier, North Carolina, US (35.393, -83.289)",L23352395,P,35.3926225,-83.2890822,2023-05-11,07:50:00,obsr483073,S137034789,Traveling,P22,EBIRD_ATL_NC,32,0.982,,1,1,,0,1,0,,,
URN:CornellLabOfOrnithology:EBIRD:OBS1727350169,2023-05-15 13:15:02.949678,28096,species,avibase-D77E4B41,American Robin,Turdus migratorius,,,,5,P ,C3,P ,,United States,US,North Carolina,US-NC,Jackson,US-NC-099,,28,,35083D2SE,"Wild Horse Road/Skyland Rd, Sylva, North Carolina, US (35.407, -83.16)",L24373050,P,35.4067077,-83.1604506,2023-05-15,11:18:00,obsr483073,S137870497,Traveling,P22,EBIRD_ATL_NC,36,1.271,,1,1,,0,1,0,,,
URN:CornellLabOfOrnithology:EBIRD:OBS1727350175,2023-05-15 13:15:02.949678,23772,species,avibase-58C502EA,Barn Swallow,Hirundo rustica,,,,2,H ,C2,H ,,United States,US,North Carolina,US-NC,Jackson,US-NC-099,,28,,35083D2SE,"Wild Horse Road/Skyland Rd, Sylva, North Carolina, US (35.407, -83.16)",L24373050,P,35.4067077,-83.1604506,2023-05-15,11:18:00,obsr483073,S137870497,Traveling,P22,EBIRD_ATL_NC,36,1.271,,1,1,,0,1,0,,,
URN:CornellLabOfOrnithology:EBIRD:OBS1718881318,2023-05-17 14:11:53.092366,33435,species,avibase-4D207AF6,Black-and-white Warbler,Mniotilta varia,,,,1,S ,C2,S ,,United States,US,North Carolina,US-NC,Jackson,US-NC-099,,28,,35083D3SE,"West Piney Mountain Rd, Whittier, North Carolina, US (35.393, -83.289)",L23352395,P,35.3926225,-83.2890822,2023-05-11,07:50:00,obsr483073,S137034789,Traveling,P22,EBIRD_ATL_NC,32,0.982,,1,1,,0,1,0,,,
URN:CornellLabOfOrnithology:EBIRD:OBS1718881313,2023-05-17 14:11:53.092366,20899,species,avibase-1DA430B8,Blue Jay,Cyanocitta cristata,,,,2,H ,C2,H ,,United States,US,North Carolina,US-NC,Jackson,US-NC-099,,28,,35083D3SE,"West Piney Mountain Rd, Whittier, North Carolina, US (35.393, -83.289)",L23352395,P,35.3926225,-83.2890822,2023-05-11,07:50:00,obsr483073,S137034789,Traveling,P22,EBIRD_ATL_NC,32,0.982,,1,1,,0,1,0,,,
URN:CornellLabOfOrnithology:EBIRD:OBS1727350162,2023-05-15 13:15:02.949678,26669,species,avibase-A15C5071,Blue-gray Gnatcatcher,Polioptila caerulea,,,,1,H ,C2,H ,,United States,US,North Carolina,US-NC,Jackson,US-NC-099,,28,,35083D2SE,"Wild Horse Road/Skyland Rd, Sylva, North Carolina, US (35.407, -83.16)",L24373050,P,35.4067077,-83.1604506,2023-05-15,11:18:00,obsr483073,S137870497,Traveling,P22,EBIRD_ATL_NC,36,1.271,,1,1,,0,1,0,,,
URN:CornellLabOfOrnithology:EBIRD:OBS1718881324,2023-05-17 14:11:53.092366,18873,species,avibase-95DB0943,Blue-headed Vireo,Vireo solitarius,,,,1,S ,C2,S ,,United States,US,North Carolina,US-NC,Jackson,US-NC-099,,28,,35083D3SE,"West Piney Mountain Rd, Whittier, North Carolina, US (35.393, -83.289)",L23352395,P,35.3926225,-83.2890822,2023-05-11,07:50:00,obsr483073,S137034789,Traveling,P22,EBIRD_ATL_NC,32,0.982,,1,1,,0,1,0,,,
URN:CornellLabOfOrnithology:EBIRD:OBS1727350161,2023-05-15 13:15:02.949678,18873,species,avibase-95DB0943,Blue-headed Vireo,Vireo solitarius,,,,1,S ,C2,S ,,United States,US,North Carolina,US-NC,Jackson,US-NC-099,,28,,35083D2SE,"Wild Horse Road/Skyland Rd, Sylva, North Carolina, US (35.407, -83.16)",L24373050,P,35.4067077,-83.1604506,2023-05-15,11:18:00,obsr483073,S137870497,Traveling,P22,EBIRD_ATL_NC,36,1.271,,1,1,,0,1,0,,,
URN:CornellLabOfOrnithology:EBIRD:OBS1718881310,2023-05-17 14:11:53.092366,21671,species,avibase-F941AAD3,Carolina Chickadee,Poecile carolinensis,,,,2,H ,C2,H ,,United States,US,North Carolina,US-NC,Jackson,US-NC-099,,28,,35083D3SE,"West Piney Mountain Rd, Whittier, North Carolina, US (35.393, -83.289)",L23352395,P,35.3926225,-83.2890822,2023-05-11,07:50:00,obsr483073,S137034789,Traveling,P22,EBIRD_ATL_NC,32,0.982,,1,1,,0,1,0,,,
URN:CornellLabOfOrnithology:EBIRD:OBS1727350159,2023-05-15 13:15:02.949678,21671,species,avibase-F941AAD3,Carolina Chickadee,Poecile carolinensis,,,,1,S ,C2,S ,,United States,US,North Carolina,US-NC,Jackson,US-NC-099,,28,,35083D2SE,"Wild Horse Road/Skyland Rd, Sylva, North Carolina, US (35.407, -83.16)",L24373050,P,35.4067077,-83.1604506,2023-05-15,11:18:00,obsr483073,S137870497,Traveling,P22,EBIRD_ATL_NC,36,1.271,,1,1,,0,1,0,,,
URN:CornellLabOfOrnithology:EBIRD:OBS1718881317,2023-05-17 14:11:53.092366,26897,species,avibase-CB5469E1,Carolina Wren,Thryothorus ludovicianus,,,,3,S ,C2,S ,,United States,US,North Carolina,US-NC,Jackson,US-NC-099,,28,,35083D3SE,"West Piney Mountain Rd, Whittier, North Carolina, US (35.393, -83.289)",L23352395,P,35.3926225,-83.2890822,2023-05-11,07:50:00,obsr483073,S137034789,Traveling,P22,EBIRD_ATL_NC,32,0.982,,1,1,,0,1,0,,,
URN:CornellLabOfOrnithology:EBIRD:OBS1727350167,2023-05-15 13:15:02.949678,26897,species,avibase-CB5469E1,Carolina Wren,Thryothorus ludovicianus,,,,2,S ,C2,S ,,United States,US,North Carolina,US-NC,Jackson,US-NC-099,,28,,35083D2SE,"Wild Horse Road/Skyland Rd, Sylva, North Carolina, US (35.407, -83.16)",L24373050,P,35.4067077,-83.1604506,2023-05-15,11:18:00,obsr483073,S137870497,Traveling,P22,EBIRD_ATL_NC,36,1.271,,1,1,,0,1,0,,,
URN:CornellLabOfOrnithology:EBIRD:OBS1718881314,2023-05-17 14:11:53.092366,3874,species,avibase-C3AD1AFF,Chimney Swift,Chaetura pelagica,,,,1,H ,C2,H ,,United States,US,North Carolina,US-NC,Jackson,US-NC-099,,28,,35083D3SE,"West Piney Mountain Rd, Whittier, North Carolina, US (35.393, -83.289)",L23352395,P,35.3926225,-83.2890822,2023-05-11,07:50:00,obsr483073,S137034789,Traveling,P22,EBIRD_ATL_NC,32,0.982,,1,1,,0,1,0,,,
URN:CornellLabOfOrnithology:EBIRD:OBS1727350170,2023-05-15 13:15:02.949678,3874,species,avibase-C3AD1AFF,Chimney Swift,Chaetura pelagica,,,,2,H ,C2,H ,,United States,US,North Carolina,US-NC,Jackson,US-NC-099,,28,,35083D2SE,"Wild Horse Road/Skyland Rd, Sylva, North Carolina, US (35.407, -83.16)",L24373050,P,35.4067077,-83.1604506,2023-05-15,11:18:00,obsr483073,S137870497,Traveling,P22,EBIRD_ATL_NC,36,1.271,,1,1,,0,1,0,,,
URN:CornellLabOfOrnithology:EBIRD:OBS1727350157,2023-05-15 13:15:02.949678,33327,species,avibase-8BBB3255,Common Grackle,Quiscalus quiscula,,,,5,P ,C3,P ,,United States,US,North Carolina,US-NC,Jackson,US-NC-099,,28,,35083D2SE,"Wild Horse Road/Skyland Rd, Sylva, North Carolina, US (35.407, -83.16)",L24373050,P,35.4067077,-83.1604506,2023-05-15,11:18:00,obsr483073,S137870497,Traveling,P22,EBIRD_ATL_NC,36,1.271,,1,1,,0,1,0,,,
URN:CornellLabOfOrnithology:EBIRD:OBS1718881303,2023-05-17 14:11:53.092366,32888,species,avibase-6090278A,Eastern Towhee,Pipilo erythrophthalmus,,,,2,S ,C2,S ,,United States,US,North Carolina,US-NC,Jackson,US-NC-099,,28,,35083D3SE,"West Piney Mountain Rd, Whittier, North Carolina, US (35.393, -83.289)",L23352395,P,35.3926225,-83.2890822,2023-05-11,07:50:00,obsr483073,S137034789,Traveling,P22,EBIRD_ATL_NC,32,0.982,,1,1,,0,1,0,,,
URN:CornellLabOfOrnithology:EBIRD:OBS1727350174,2023-05-15 13:15:02.949678,27356,species,avibase-94A44032,European Starling,Sturnus vulgaris,,,N,4,,,,,United States,US,North Carolina,US-NC,Jackson,US-NC-099,,28,,35083D2SE,"Wild Horse Road/Skyland Rd, Sylva, North Carolina, US (35.407, -83.16)",L24373050,P,35.4067077,-83.1604506,2023-05-15,11:18:00,obsr483073,S137870497,Traveling,P22,EBIRD_ATL_NC,36,1.271,,1,1,,0,1,0,,,
URN:CornellLabOfOrnithology:EBIRD:OBS1718881306,2023-05-17 14:11:53.092366,33528,species,avibase-15EB3000,Hooded Warbler,Setophaga citrina,,,,2,S ,C2,S ,,United States,US,North Carolina,US-NC,Jackson,US-NC-099,,28,,35083D3SE,"West Piney Mountain Rd, Whittier, North Carolina, US (35.393, -83.289)",L23352395,P,35.3926225,-83.2890822,2023-05-11,07:50:00,obsr483073,S137034789,Traveling,P22,EBIRD_ATL_NC,32,0.982,,1,1,,0,1,0,,,
URN:CornellLabOfOrnithology:EBIRD:OBS1727350156,2023-05-15 13:15:02.949678,33528,species,avibase-15EB3000,Hooded Warbler,Setophaga citrina,,,,1,S ,C2,S ,,United States,US,North Carolina,US-NC,Jackson,US-NC-099,,28,,35083D2SE,"Wild Horse Road/Skyland Rd, Sylva, North Carolina, US (35.407, -83.16)",L24373050,P,35.4067077,-83.1604506,2023-05-15,11:18:00,obsr483073,S137870497,Traveling,P22,EBIRD_ATL_NC,36,1.271,,1,1,,0,1,0,,,
URN:CornellLabOfOrnithology:EBIRD:OBS1718881316,2023-05-17 14:11:53.092366,31790,species,avibase-89431E9F,House Finch,Haemorhous mexicanus,,,N,1,H ,C2,H ,,United States,US,North Carolina,US-NC,Jackson,US-NC-099,,28,,35083D3SE,"West Piney Mountain Rd, Whittier, North Carolina, US (35.393, -83.289)",L23352395,P,35.3926225,-83.2890822,2023-05-11,07:50:00,obsr483073,S137034789,Traveling,P22,EBIRD_ATL_NC,32,0.982,,1,1,,0,1,0,,,
URN:CornellLabOfOrnithology:EBIRD:OBS1727350173,2023-05-15 13:15:02.949678,34060,species,avibase-043F337A,Indigo Bunting,Passerina cyanea,,,,1,S ,C2,S ,,United States,US,North Carolina,US-NC,Jackson,US-NC-099,,28,,35083D2SE,"Wild Horse Road/Skyland Rd, Sylva, North Carolina, US (35.407, -83.16)",L24373050,P,35.4067077,-83.1604506,2023-05-15,11:18:00,obsr483073,S137870497,Traveling,P22,EBIRD_ATL_NC,36,1.271,,1,1,,0,1,0,,,
URN:CornellLabOfOrnithology:EBIRD:OBS1727350168,2023-05-15 13:15:02.949678,33550,species,avibase-1E82CE1E,Magnolia Warbler,Setophaga magnolia,,,,1,,,,,United States,US,North Carolina,US-NC,Jackson,US-NC-099,,28,,35083D2SE,"Wild Horse Road/Skyland Rd, Sylva, North Carolina, US (35.407, -83.16)",L24373050,P,35.4067077,-83.1604506,2023-05-15,11:18:00,obsr483073,S137870497,Traveling,P22,EBIRD_ATL_NC,36,1.271,,1,1,,0,1,0,,,
URN:CornellLabOfOrnithology:EBIRD:OBS1718881307,2023-05-17 14:11:53.092366,2427,species,avibase-00124D98,Mourning Dove,Zenaida macroura,,,,2,P ,C3,P ,,United States,US,North Carolina,US-NC,Jackson,US-NC-099,,28,,35083D3SE,"West Piney Mountain Rd, Whittier, North Carolina, US (35.393, -83.289)",L23352395,P,35.3926225,-83.2890822,2023-05-11,07:50:00,obsr483073,S137034789,Traveling,P22,EBIRD_ATL_NC,32,0.982,,1,1,,0,1,0,,,
URN:CornellLabOfOrnithology:EBIRD:OBS1727350171,2023-05-15 13:15:02.949678,2427,species,avibase-00124D98,Mourning Dove,Zenaida macroura,,,,4,P ,C3,P ,,United States,US,North Carolina,US-NC,Jackson,US-NC-099,,28,,35083D2SE,"Wild Horse Road/Skyland Rd, Sylva, North Carolina, US (35.407, -83.16)",L24373050,P,35.4067077,-83.1604506,2023-05-15,11:18:00,obsr483073,S137870497,Traveling,P22,EBIRD_ATL_NC,36,1.271,,1,1,,0,1,0,,,
URN:CornellLabOfOrnithology:EBIRD:OBS1718881308,2023-05-17 14:11:53.092366,33967,species,avibase-4E74AE22,Northern Cardinal,Cardinalis cardinalis,,,,3,P ,C3,P ,,United States,US,North Carolina,US-NC,Jackson,US-NC-099,,28,,35083D3SE,"West Piney Mountain Rd, Whittier, North Carolina, US (35.393, -83.289)",L23352395,P,35.3926225,-83.2890822,2023-05-11,07:50:00,obsr483073,S137034789,Traveling,P22,EBIRD_ATL_NC,32,0.982,,1,1,,0,1,0,,,
URN:CornellLabOfOrnithology:EBIRD:OBS1727350165,2023-05-15 13:15:02.949678,33967,species,avibase-4E74AE22,Northern Cardinal,Cardinalis cardinalis,,,,1,S ,C2,S ,,United States,US,North Carolina,US-NC,Jackson,US-NC-099,,28,,35083D2SE,"Wild Horse Road/Skyland Rd, Sylva, North Carolina, US (35.407, -83.16)",L24373050,P,35.4067077,-83.1604506,2023-05-15,11:18:00,obsr483073,S137870497,Traveling,P22,EBIRD_ATL_NC,36,1.271,,1,1,,0,1,0,,,
URN:CornellLabOfOrnithology:EBIRD:OBS1718881305,2023-05-17 14:11:53.092366,33534,species,avibase-41062654,Northern Parula,Setophaga americana,,,,1,S ,C2,S ,,United States,US,North Carolina,US-NC,Jackson,US-NC-099,,28,,35083D3SE,"West Piney Mountain Rd, Whittier, North Carolina, US (35.393, -83.289)",L23352395,P,35.3926225,-83.2890822,2023-05-11,07:50:00,obsr483073,S137034789,Traveling,P22,EBIRD_ATL_NC,32,0.982,,1,1,,0,1,0,,,
URN:CornellLabOfOrnithology:EBIRD:OBS1727350172,2023-05-15 13:15:02.949678,33153,species,avibase-000482C9,Orchard Oriole,Icterus spurius,,,,1,S ,C2,S ,"Male, Juvenile (1)",United States,US,North Carolina,US-NC,Jackson,US-NC-099,,28,,35083D2SE,"Wild Horse Road/Skyland Rd, Sylva, North Carolina, US (35.407, -83.16)",L24373050,P,35.4067077,-83.1604506,2023-05-15,11:18:00,obsr483073,S137870497,Traveling,P22,EBIRD_ATL_NC,36,1.271,,1,1,,0,1,0,,,yellow plumage - Singing
URN:CornellLabOfOrnithology:EBIRD:OBS1718881311,2023-05-17 14:11:53.092366,11527,species,avibase-00635FF9,Pileated Woodpecker,Dryocopus pileatus,,,,1,H ,C2,H ,,United States,US,North Carolina,US-NC,Jackson,US-NC-099,,28,,35083D3SE,"West Piney Mountain Rd, Whittier, North Carolina, US (35.393, -83.289)",L23352395,P,35.3926225,-83.2890822,2023-05-11,07:50:00,obsr483073,S137034789,Traveling,P22,EBIRD_ATL_NC,32,0.982,,1,1,,0,1,0,,,
URN:CornellLabOfOrnithology:EBIRD:OBS1727350163,2023-05-15 13:15:02.949678,11527,species,avibase-00635FF9,Pileated Woodpecker,Dryocopus pileatus,,,,1,H ,C2,H ,"Male, Adult (1)",United States,US,North Carolina,US-NC,Jackson,US-NC-099,,28,,35083D2SE,"Wild Horse Road/Skyland Rd, Sylva, North Carolina, US (35.407, -83.16)",L24373050,P,35.4067077,-83.1604506,2023-05-15,11:18:00,obsr483073,S137870497,Traveling,P22,EBIRD_ATL_NC,36,1.271,,1,1,,0,1,0,,,
URN:CornellLabOfOrnithology:EBIRD:OBS1718881319,2023-05-17 14:11:53.092366,10979,species,avibase-078557F2,Red-bellied Woodpecker,Melanerpes carolinus,,,,2,H ,C2,H ,,United States,US,North Carolina,US-NC,Jackson,US-NC-099,,28,,35083D3SE,"West Piney Mountain Rd, Whittier, North Carolina, US (35.393, -83.289)",L23352395,P,35.3926225,-83.2890822,2023-05-11,07:50:00,obsr483073,S137034789,Traveling,P22,EBIRD_ATL_NC,32,0.982,,1,1,,0,1,0,,,
URN:CornellLabOfOrnithology:EBIRD:OBS1718881321,2023-05-17 14:11:53.092366,18910,species,avibase-847717E2,Red-eyed Vireo,Vireo olivaceus,,,,3,S ,C2,S ,,United States,US,North Carolina,US-NC,Jackson,US-NC-099,,28,,35083D3SE,"West Piney Mountain Rd, Whittier, North Carolina, US (35.393, -83.289)",L23352395,P,35.3926225,-83.2890822,2023-05-11,07:50:00,obsr483073,S137034789,Traveling,P22,EBIRD_ATL_NC,32,0.982,,1,1,,0,1,0,,,
URN:CornellLabOfOrnithology:EBIRD:OBS1727350158,2023-05-15 13:15:02.949678,18910,species,avibase-847717E2,Red-eyed Vireo,Vireo olivaceus,,,,2,S ,C2,S ,"Male, Adult (2)",United States,US,North Carolina,US-NC,Jackson,US-NC-099,,28,,35083D2SE,"Wild Horse Road/Skyland Rd, Sylva, North Carolina, US (35.407, -83.16)",L24373050,P,35.4067077,-83.1604506,2023-05-15,11:18:00,obsr483073,S137870497,Traveling,P22,EBIRD_ATL_NC,36,1.271,,1,1,,0,1,0,,,
URN:CornellLabOfOrnithology:EBIRD:OBS1727350176,2023-05-15 13:15:02.949678,33251,species,avibase-C86D078E,Red-winged Blackbird,Agelaius phoeniceus,,,,4,H ,C2,H ,,United States,US,North Carolina,US-NC,Jackson,US-NC-099,,28,,35083D2SE,"Wild Horse Road/Skyland Rd, Sylva, North Carolina, US (35.407, -83.16)",L24373050,P,35.4067077,-83.1604506,2023-05-15,11:18:00,obsr483073,S137870497,Traveling,P22,EBIRD_ATL_NC,36,1.271,,1,1,,0,1,0,,,
URN:CornellLabOfOrnithology:EBIRD:OBS1718881309,2023-05-17 14:11:53.092366,4776,species,avibase-DEC3D8D0,Ruby-throated Hummingbird,Archilochus colubris,,,,1,H ,C2,H ,,United States,US,North Carolina,US-NC,Jackson,US-NC-099,,28,,35083D3SE,"West Piney Mountain Rd, Whittier, North Carolina, US (35.393, -83.289)",L23352395,P,35.3926225,-83.2890822,2023-05-11,07:50:00,obsr483073,S137034789,Traveling,P22,EBIRD_ATL_NC,32,0.982,,1,1,,0,1,0,,,
URN:CornellLabOfOrnithology:EBIRD:OBS1718881315,2023-05-17 14:11:53.092366,33889,species,avibase-42101632,Scarlet Tanager,Piranga olivacea,,,,1,,,,,United States,US,North Carolina,US-NC,Jackson,US-NC-099,,28,,35083D3SE,"West Piney Mountain Rd, Whittier, North Carolina, US (35.393, -83.289)",L23352395,P,35.3926225,-83.2890822,2023-05-11,07:50:00,obsr483073,S137034789,Traveling,P22,EBIRD_ATL_NC,32,0.982,,1,1,,0,1,0,,,
URN:CornellLabOfOrnithology:EBIRD:OBS1727350164,2023-05-15 13:15:02.949678,32748,species,avibase-A5F09E05,Song Sparrow,Melospiza melodia,,,,3,S ,C2,S ,,United States,US,North Carolina,US-NC,Jackson,US-NC-099,,28,,35083D2SE,"Wild Horse Road/Skyland Rd, Sylva, North Carolina, US (35.407, -83.16)",L24373050,P,35.4067077,-83.1604506,2023-05-15,11:18:00,obsr483073,S137870497,Traveling,P22,EBIRD_ATL_NC,36,1.271,,1,1,,0,1,0,,,
URN:CornellLabOfOrnithology:EBIRD:OBS1718881320,2023-05-17 14:11:53.092366,33445,species,avibase-D204A930,Tennessee Warbler,Leiothlypis peregrina,,,,1,,,,,United States,US,North Carolina,US-NC,Jackson,US-NC-099,,28,,35083D3SE,"West Piney Mountain Rd, Whittier, North Carolina, US (35.393, -83.289)",L23352395,P,35.3926225,-83.2890822,2023-05-11,07:50:00,obsr483073,S137034789,Traveling,P22,EBIRD_ATL_NC,32,0.982,,1,1,,0,1,0,,,
URN:CornellLabOfOrnithology:EBIRD:OBS1718881326,2023-05-17 14:11:53.092366,21771,species,avibase-B488AB70,Tufted Titmouse,Baeolophus bicolor,,,,3,S ,C2,S ,,United States,US,North Carolina,US-NC,Jackson,US-NC-099,,28,,35083D3SE,"West Piney Mountain Rd, Whittier, North Carolina, US (35.393, -83.289)",L23352395,P,35.3926225,-83.2890822,2023-05-11,07:50:00,obsr483073,S137034789,Traveling,P22,EBIRD_ATL_NC,32,0.982,,1,1,,0,1,0,,,
URN:CornellLabOfOrnithology:EBIRD:OBS1718881304,2023-05-17 14:11:53.092366,27880,species,avibase-8E1D9327,Wood Thrush,Hylocichla mustelina,,,,2,S ,C2,S ,,United States,US,North Carolina,US-NC,Jackson,US-NC-099,,28,,35083D3SE,"West Piney Mountain Rd, Whittier, North Carolina, US (35.393, -83.289)",L23352395,P,35.3926225,-83.2890822,2023-05-11,07:50:00,obsr483073,S137034789,Traveling,P22,EBIRD_ATL_NC,32,0.982,,1,1,,0,1,0,,,
URN:CornellLabOfOrnithology:EBIRD:OBS1727350166,2023-05-15 13:15:02.949678,33035,species,avibase-734C73A9,Yellow-breasted Chat,Icteria virens,,,,1,S ,C2,S ,,United States,US,North Carolina,US-NC,Jackson,US-NC-099,,28,,35083D2SE,"Wild Horse Road/Skyland Rd, Sylva, North Carolina, US (35.407, -83.16)",L24373050,P,35.4067077,-83.1604506,2023-05-15,11:18:00,obsr483073,S137870497,Traveling,P22,EBIRD_ATL_NC,36,1.271,,1,1,,0,1,0,,,
URN:CornellLabOfOrnithology:EBIRD:OBS1718881302,2023-05-17 14:11:53.092366,18867,species,avibase-F8DDF6A6,Yellow-throated Vireo,Vireo flavifrons,,,,1,H ,C2,H ,,United States,US,North Carolina,US-NC,Jackson,US-NC-099,,28,,35083D3SE,"West Piney Mountain Rd, Whittier, North Carolina, US (35.393, -83.289)",L23352395,P,35.3926225,-83.2890822,2023-05-11,07:50:00,obsr483073,S137034789,Traveling,P22,EBIRD_ATL_NC,32,0.982,,1,1,,0,1,0,,,
URN:CornellLabOfOrnithology:EBIRD:OBS1783334342,2023-07-15 13:19:14.676065,16641,species,avibase-2778A3F4,Acadian Flycatcher,Empidonax virescens,,,,1,S7,C3,S7,,United States,US,North Carolina,US-NC,Cumberland,US-NC-051,,27,,35078A7SW,Cumberland County Park,L357285,H,35.0068350,-78.8595200,2023-07-15,12:20:00,obsr15046,S144628895,Traveling,P22,EBIRD_ATL_NC,55,1.931,,1,1,,0,1,0,,,
URN:CornellLabOfOrnithology:EBIRD:OBS1783334358,2023-07-15 13:19:14.676065,20899,species,avibase-1DA430B8,Blue Jay,Cyanocitta cristata,,,,6,H ,C2,H ,,United States,US,North Carolina,US-NC,Cumberland,US-NC-051,,27,,35078A7SW,Cumberland County Park,L357285,H,35.0068350,-78.8595200,2023-07-15,12:20:00,obsr15046,S144628895,Traveling,P22,EBIRD_ATL_NC,55,1.931,,1,1,,0,1,0,,,
URN:CornellLabOfOrnithology:EBIRD:OBS1783334360,2023-07-15 13:19:14.676065,26669,species,avibase-A15C5071,Blue-gray Gnatcatcher,Polioptila caerulea,,,,1,S7,C3,S7,,United States,US,North Carolina,US-NC,Cumberland,US-NC-051,,27,,35078A7SW,Cumberland County Park,L357285,H,35.0068350,-78.8595200,2023-07-15,12:20:00,obsr15046,S144628895,Traveling,P22,EBIRD_ATL_NC,55,1.931,,1,1,,0,1,0,,,
URN:CornellLabOfOrnithology:EBIRD:OBS1783334346,2023-07-15 13:19:14.676065,21671,species,avibase-F941AAD3,Carolina Chickadee,Poecile carolinensis,,,,2,H ,C2,H ,,United States,US,North Carolina,US-NC,Cumberland,US-NC-051,,27,,35078A7SW,Cumberland County Park,L357285,H,35.0068350,-78.8595200,2023-07-15,12:20:00,obsr15046,S144628895,Traveling,P22,EBIRD_ATL_NC,55,1.931,,1,1,,0,1,0,,,
URN:CornellLabOfOrnithology:EBIRD:OBS1783334345,2023-07-15 13:19:14.676065,26897,species,avibase-CB5469E1,Carolina Wren,Thryothorus ludovicianus,,,,3,S7,C3,S7,,United States,US,North Carolina,US-NC,Cumberland,US-NC-051,,27,,35078A7SW,Cumberland County Park,L357285,H,35.0068350,-78.8595200,2023-07-15,12:20:00,obsr15046,S144628895,Traveling,P22,EBIRD_ATL_NC,55,1.931,,1,1,,0,1,0,,,
URN:CornellLabOfOrnithology:EBIRD:OBS1783334359,2023-07-15 13:19:14.676065,3874,species,avibase-C3AD1AFF,Chimney Swift,Chaetura pelagica,,,,1,H ,C2,H ,,United States,US,North Carolina,US-NC,Cumberland,US-NC-051,,27,,35078A7SW,Cumberland County Park,L357285,H,35.0068350,-78.8595200,2023-07-15,12:20:00,obsr15046,S144628895,Traveling,P22,EBIRD_ATL_NC,55,1.931,,1,1,,0,1,0,,,
URN:CornellLabOfOrnithology:EBIRD:OBS1783334357,2023-07-15 13:19:14.676065,11175,species,avibase-1B2A6386,Downy Woodpecker,Dryobates pubescens,,,,2,H ,C2,H ,,United States,US,North Carolina,US-NC,Cumberland,US-NC-051,,27,,35078A7SW,Cumberland County Park,L357285,H,35.0068350,-78.8595200,2023-07-15,12:20:00,obsr15046,S144628895,Traveling,P22,EBIRD_ATL_NC,55,1.931,,1,1,,0,1,0,,,
URN:CornellLabOfOrnithology:EBIRD:OBS1783334362,2023-07-15 13:19:14.676065,27662,species,avibase-A8347C7D,Eastern Bluebird,Sialia sialis,,,,1,H ,C2,H ,,United States,US,North Carolina,US-NC,Cumberland,US-NC-051,,27,,35078A7SW,Cumberland County Park,L357285,H,35.0068350,-78.8595200,2023-07-15,12:20:00,obsr15046,S144628895,Traveling,P22,EBIRD_ATL_NC,55,1.931,,1,1,,0,1,0,,,
URN:CornellLabOfOrnithology:EBIRD:OBS1783334347,2023-07-15 13:19:14.676065,16615,species,avibase-9891BF73,Eastern Wood-Pewee,Contopus virens,,,,2,S7,C3,S7,,United States,US,North Carolina,US-NC,Cumberland,US-NC-051,,27,,35078A7SW,Cumberland County Park,L357285,H,35.0068350,-78.8595200,2023-07-15,12:20:00,obsr15046,S144628895,Traveling,P22,EBIRD_ATL_NC,55,1.931,,1,1,,0,1,0,,,
URN:CornellLabOfOrnithology:EBIRD:OBS1783334344,2023-07-15 13:19:14.676065,17021,species,avibase-8D6D5F2B,Great Crested Flycatcher,Myiarchus crinitus,,,,1,S7,C3,S7,,United States,US,North Carolina,US-NC,Cumberland,US-NC-051,,27,,35078A7SW,Cumberland County Park,L357285,H,35.0068350,-78.8595200,2023-07-15,12:20:00,obsr15046,S144628895,Traveling,P22,EBIRD_ATL_NC,55,1.931,,1,1,,0,1,0,,,
URN:CornellLabOfOrnithology:EBIRD:OBS1783334343,2023-07-15 13:19:14.676065,34060,species,avibase-043F337A,Indigo Bunting,Passerina cyanea,,,,2,S7,C3,S7,,United States,US,North Carolina,US-NC,Cumberland,US-NC-051,,27,,35078A7SW,Cumberland County Park,L357285,H,35.0068350,-78.8595200,2023-07-15,12:20:00,obsr15046,S144628895,Traveling,P22,EBIRD_ATL_NC,55,1.931,,1,1,,0,1,0,,,
URN:CornellLabOfOrnithology:EBIRD:OBS1783334352,2023-07-15 13:19:14.676065,33425,species,avibase-7AB0F3A4,Louisiana Waterthrush,Parkesia motacilla,,,,1,S ,C2,S ,,United States,US,North Carolina,US-NC,Cumberland,US-NC-051,,27,,35078A7SW,Cumberland County Park,L357285,H,35.0068350,-78.8595200,2023-07-15,12:20:00,obsr15046,S144628895,Traveling,P22,EBIRD_ATL_NC,55,1.931,,1,1,,0,1,0,,,
URN:CornellLabOfOrnithology:EBIRD:OBS1783334350,2023-07-15 13:19:14.676065,2427,species,avibase-00124D98,Mourning Dove,Zenaida macroura,,,,1,H ,C2,H ,,United States,US,North Carolina,US-NC,Cumberland,US-NC-051,,27,,35078A7SW,Cumberland County Park,L357285,H,35.0068350,-78.8595200,2023-07-15,12:20:00,obsr15046,S144628895,Traveling,P22,EBIRD_ATL_NC,55,1.931,,1,1,,0,1,0,,,
URN:CornellLabOfOrnithology:EBIRD:OBS1783334355,2023-07-15 13:19:14.676065,33967,species,avibase-4E74AE22,Northern Cardinal,Cardinalis cardinalis,,,,2,H ,C2,H ,,United States,US,North Carolina,US-NC,Cumberland,US-NC-051,,27,,35078A7SW,Cumberland County Park,L357285,H,35.0068350,-78.8595200,2023-07-15,12:20:00,obsr15046,S144628895,Traveling,P22,EBIRD_ATL_NC,55,1.931,,1,1,,0,1,0,,,
URN:CornellLabOfOrnithology:EBIRD:OBS1783334361,2023-07-15 13:19:14.676065,11527,species,avibase-00635FF9,Pileated Woodpecker,Dryocopus pileatus,,,,1,H ,C2,H ,,United States,US,North Carolina,US-NC,Cumberland,US-NC-051,,27,,35078A7SW,Cumberland County Park,L357285,H,35.0068350,-78.8595200,2023-07-15,12:20:00,obsr15046,S144628895,Traveling,P22,EBIRD_ATL_NC,55,1.931,,1,1,,0,1,0,,,
URN:CornellLabOfOrnithology:EBIRD:OBS1783334356,2023-07-15 13:19:14.676065,10979,species,avibase-078557F2,Red-bellied Woodpecker,Melanerpes carolinus,,,,3,H ,C2,H ,,United States,US,North Carolina,US-NC,Cumberland,US-NC-051,,27,,35078A7SW,Cumberland County Park,L357285,H,35.0068350,-78.8595200,2023-07-15,12:20:00,obsr15046,S144628895,Traveling,P22,EBIRD_ATL_NC,55,1.931,,1,1,,0,1,0,,,
URN:CornellLabOfOrnithology:EBIRD:OBS1783334349,2023-07-15 13:19:14.676065,8284,species,avibase-EA4D6C0B,Red-shouldered Hawk,Buteo lineatus,,,,1,H ,C2,H ,,United States,US,North Carolina,US-NC,Cumberland,US-NC-051,,27,,35078A7SW,Cumberland County Park,L357285,H,35.0068350,-78.8595200,2023-07-15,12:20:00,obsr15046,S144628895,Traveling,P22,EBIRD_ATL_NC,55,1.931,,1,1,,0,1,0,,,
URN:CornellLabOfOrnithology:EBIRD:OBS1783334351,2023-07-15 13:19:14.676065,33885,species,avibase-891798D9,Summer Tanager,Piranga rubra,,,,2,S7,C3,S7,,United States,US,North Carolina,US-NC,Cumberland,US-NC-051,,27,,35078A7SW,Cumberland County Park,L357285,H,35.0068350,-78.8595200,2023-07-15,12:20:00,obsr15046,S144628895,Traveling,P22,EBIRD_ATL_NC,55,1.931,,1,1,,0,1,0,,,
URN:CornellLabOfOrnithology:EBIRD:OBS1783334353,2023-07-15 13:19:14.676065,33437,species,avibase-D3624203,Swainsons Warbler,Limnothlypis swainsonii,,,,2,P ,C3,P ,,United States,US,North Carolina,US-NC,Cumberland,US-NC-051,,27,,35078A7SW,Cumberland County Park,L357285,H,35.0068350,-78.8595200,2023-07-15,12:20:00,obsr15046,S144628895,Traveling,P22,EBIRD_ATL_NC,55,1.931,,1,1,,0,1,0,,,
URN:CornellLabOfOrnithology:EBIRD:OBS1783334348,2023-07-15 13:19:14.676065,21771,species,avibase-B488AB70,Tufted Titmouse,Baeolophus bicolor,,,,1,H ,C2,H ,,United States,US,North Carolina,US-NC,Cumberland,US-NC-051,,27,,35078A7SW,Cumberland County Park,L357285,H,35.0068350,-78.8595200,2023-07-15,12:20:00,obsr15046,S144628895,Traveling,P22,EBIRD_ATL_NC,55,1.931,,1,1,,0,1,0,,,
URN:CornellLabOfOrnithology:EBIRD:OBS1783334354,2023-07-15 13:19:14.676065,27880,species,avibase-8E1D9327,Wood Thrush,Hylocichla mustelina,,,,2,S ,C2,S ,,United States,US,North Carolina,US-NC,Cumberland,US-NC-051,,27,,35078A7SW,Cumberland County Park,L357285,H,35.0068350,-78.8595200,2023-07-15,12:20:00,obsr15046,S144628895,Traveling,P22,EBIRD_ATL_NC,55,1.931,,1,1,,0,1,0,,,
