ID_NCBA_BLOCK,ID_BLOCK_CODE,STATUS,surveyYear,,,,,,,,,,,,,,,,,,,,,,,,,,,
ABBOTTSBURG-SE,34078E6SE,Incomplete,2024,,,,,,,,,,,,,,,,,,,,,,,,,,,
ADVANCE-SE,35080H4SE,Incomplete,2024,,,,,,,,,,,,,,,,,,,,,,,,,,,
AFTON-SE,36078C2SE,Incomplete,2024,,,,,,,,,,,,,,,,,,,,,,,,,,,
ALBEMARLE-SE,35080C2SE,Complete,2023,,,,,,,,,,,,,,,,,,,,,,,,,,,
ALARKA-SE,35083C4SE,Incomplete,2025,,,,,,,,,,,,,,,,,,,,,,,,,,,
ANDERSON-SE,36079C3SE,Incomplete,2024,,,,,,,,,,,,,,,,,,,,,,,,,,,
APEX-SE,35078F7SE,Complete,2023,,,,,,,,,,,,,,,,,,,,,,,,,,,
ASKIN-SE,35077B1SE,Complete,2023,,,,,,,,,,,,,,,,,,,,,,,,,,,
ATLANTIC-SE,34076H3SE,Incomplete,2023,,,,,,,,,,,,,,,,,,,,,,,,,,,
AQUADALE-SE,35080B2SE,Incomplete,2024,,,,,,,,,,,,,,,,,,,,,,,,,,,
AMMON-SE,34078G5SE,Incomplete,2024,,,,,,,,,,,,,,,,,,,,,,,,,,,
ALBERTSON-SE,35077A7SE,Incomplete,2025,,,,,,,,,,,,,,,,,,,,,,,,,,,
ANGIER-SE,35078E6SE,Incomplete,2023,,,,,,,,,,,,,,,,,,,,,,,,,,,
ANDERSON_CREEK-SE,35078C8SE,Incomplete,2025,,,,,,,,,,,,,,,,,,,,,,,,,,,
ACME-SE,34078C2SE,Incomplete,2023,,,,,,,,,,,,,,,,,,,,,,,,,,,
AHOSKIE-SE,36076C8SE,Incomplete,2023,,,,,,,,,,,,,,,,,,,,,,,,,,,
ALBEMARLE_SOUND_1_(ALL_WATER)-SE,36076A1SE,Incomplete,0,,,,,,,,,,,,,,,,,,,,,,,,,,,
ALBEMARLE_SOUND_2_(ALL_WATER)-SE,36075A8SE,Incomplete,0,,,,,,,,,,,,,,,,,,,,,,,,,,,
ALTON-SE,36079E1SE,Incomplete,2023,,,,,,,,,,,,,,,,,,,,,,,,,,,
ANDREWS-SE,35083B7SE,Incomplete,2025,,,,,,,,,,,,,,,,,,,,,,,,,,,
AURORA-SE,35076C7SE,Complete,2024,,,,,,,,,,,,,,,,,,,,,,,,,,,
BADIN-SE,35080D1SE,Incomplete,2023,,,,,,,,,,,,,,,,,,,,,,,,,,,
BAKERSVILLE-SE,36082A2SE,Incomplete,2025,,,,,,,,,,,,,,,,,,,,,,,,,,,
BATH-SE,35076D7SE,Complete,2024,,,,,,,,,,,,,,,,,,,,,,,,,,,
BENSON-SE,35078D5SE,Incomplete,2023,,,,,,,,,,,,,,,,,,,,,,,,,,,
BARCO-SE,36075D8SE,Incomplete,2025,,,,,,,,,,,,,,,,,,,,,,,,,,,
BEARSKIN-SE,35078A4SE,Incomplete,2024,,,,,,,,,,,,,,,,,,,,,,,,,,,
MARSHVILLE-SE,34080H3SE,Incomplete,2024,,,,,,,,,,,,,,,,,,,,,,,,,,,
BEREA-SE,36078C6SE,Complete,2023,,,,,,,,,,,,,,,,,,,,,,,,,,,
BARLEY-SE,36077E6SE,Incomplete,2025,,,,,,,,,,,,,,,,,,,,,,,,,,,
BAT_CAVE-SE,35082D3SE,Complete,2023,,,,,,,,,,,,,,,,,,,,,,,,,,,
BISCOE-SE,35079C7SE,Incomplete,2023,,,,,,,,,,,,,,,,,,,,,,,,,,,
BLADENBORO-SE,34078E7SE,Incomplete,2024,,,,,,,,,,,,,,,,,,,,,,,,,,,
BOTTOM-SE,36080D7SE,Incomplete,2025,,,,,,,,,,,,,,,,,,,,,,,,,,,
BLOUNTS_BAY-SE,35076D8SE,Incomplete,2024,,,,,,,,,,,,,,,,,,,,,,,,,,,
BONNETSVILLE-SE,34078H4SE,Incomplete,2024,,,,,,,,,,,,,,,,,,,,,,,,,,,
MOUNT_CROGHAN-NW,34080G2NW,Incomplete,2024,,,,,,,,,,,,,,,,,,,,,,,,,,,
ARAPAHOE-SE,35076A7SE,Complete,2023,,,,,,,,,,,,,,,,,,,,,,,,,,,
ASHEBORO-SE,35079F7SE,Complete,2025,,,,,,,,,,,,,,,,,,,,,,,,,,,
BETHLEHEM-SE,35081G3SE,Incomplete,2023,,,,,,,,,,,,,,,,,,,,,,,,,,,
BARNARDSVILLE-SE,35082G4SE,Incomplete,2024,,,,,,,,,,,,,,,,,,,,,,,,,,,
BOOMER-SE,36081A3SE,Incomplete,2023,,,,,,,,,,,,,,,,,,,,,,,,,,,
ANSONVILLE-SE,35080A1SE,Incomplete,2024,,,,,,,,,,,,,,,,,,,,,,,,,,,
ASHEVILLE-SE,35082E5SE,Complete,2024,,,,,,,,,,,,,,,,,,,,,,,,,,,
WAINWRIGHT_ISLAND-CW,34076H2CW,Incomplete,2023,,,,,,,,,,,,,,,,,,,,,,,,,,,
ATKINSON-SE,34078E2SE,Incomplete,2025,,,,,,,,,,,,,,,,,,,,,,,,,,,
AUTRYVILLE-SE,34078H6SE,Incomplete,2025,,,,,,,,,,,,,,,,,,,,,,,,,,,
AYDEN-SE,35077D4SE,Incomplete,2024,,,,,,,,,,,,,,,,,,,,,,,,,,,
BALD_CREEK-SE,35082H4SE,Complete,2025,,,,,,,,,,,,,,,,,,,,,,,,,,,
MORVEN_WEST-NW,34080G1NW,Incomplete,2024,,,,,,,,,,,,,,,,,,,,,,,,,,,
BAYBORO-SE,35076B7SE,Complete,2023,,,,,,,,,,,,,,,,,,,,,,,,,,,
BEAUFORT-CW,34076F6CW,Complete,2023,,,,,,,,,,,,,,,,,,,,,,,,,,,
BALDWIN_GAP-SE,36081D6SE,Incomplete,2023,,,,,,,,,,,,,,,,,,,,,,,,,,,
ASHFORD-SE,35081G8SE,Complete,2024,,,,,,,,,,,,,,,,,,,,,,,,,,,
OLIVE_BRANCH-SE,35080A3SE,Incomplete,2024,,,,,,,,,,,,,,,,,,,,,,,,,,,
AULANDER-SE,36077B1SE,Incomplete,2023,,,,,,,,,,,,,,,,,,,,,,,,,,,
BAKERS-SE,35080A5SE,Incomplete,2024,,,,,,,,,,,,,,,,,,,,,,,,,,,
BAILEY-SE,35078G1SE,Complete,2024,,,,,,,,,,,,,,,,,,,,,,,,,,,
BETHANY-SE,36079C7SE,Incomplete,2024,,,,,,,,,,,,,,,,,,,,,,,,,,,
BAYLEAF-SE,35078H6SE,Complete,2023,,,,,,,,,,,,,,,,,,,,,,,,,,,
BESSEMER_CITY-SE,35081C3SE,Incomplete,2023,,,,,,,,,,,,,,,,,,,,,,,,,,,
BANOAK-SE,35081E4SE,Incomplete,2023,,,,,,,,,,,,,,,,,,,,,,,,,,,
BEULAVILLE-SE,34077H7SE,Incomplete,2025,,,,,,,,,,,,,,,,,,,,,,,,,,,
BLACK_MOUNTAIN-SE,35082E3SE,Incomplete,2024,,,,,,,,,,,,,,,,,,,,,,,,,,,
BOILING_SPRINGS_NORTH-SE,35081C6SE,Incomplete,2023,,,,,,,,,,,,,,,,,,,,,,,,,,,
OAKBORO-SE,35080B3SE,Incomplete,2024,,,,,,,,,,,,,,,,,,,,,,,,,,,
BIG_RIDGE-SE,35083B1SE,Incomplete,2024,,,,,,,,,,,,,,,,,,,,,,,,,,,
BOONE-SE,36081B6SE,Complete,2023,,,,,,,,,,,,,,,,,,,,,,,,,,,
BLACKSBURG_NORTH-NW,35081B5NW,Incomplete,2023,,,,,,,,,,,,,,,,,,,,,,,,,,,
BRACEY-SE,36078E2SE,Incomplete,2024,,,,,,,,,,,,,,,,,,,,,,,,,,,
BROAD_CREEK-CW,35076A5CW,Complete,2023,,,,,,,,,,,,,,,,,,,,,,,,,,,
POLKTON-SE,35080A2SE,Incomplete,2024,,,,,,,,,,,,,,,,,,,,,,,,,,,
BURGAW-SE,34077E8SE,Incomplete,2025,,,,,,,,,,,,,,,,,,,,,,,,,,,
BUNCHES_BALD-SE,35083E2SE,Incomplete,2024,,,,,,,,,,,,,,,,,,,,,,,,,,,
BELMONT-CW,35081B1CW,Incomplete,2023,,,,,,,,,,,,,,,,,,,,,,,,,,,
BELEWS_LAKE-SE,36080C1SE,Complete,2024,,,,,,,,,,,,,,,,,,,,,,,,,,,
BEAR_CREEK-SE,35079E4SE,Incomplete,2025,,,,,,,,,,,,,,,,,,,,,,,,,,,
BENN_KNOB-SE,35081E6SE,Incomplete,2023,,,,,,,,,,,,,,,,,,,,,,,,,,,
BELHAVEN-SE,35076E5SE,Incomplete,2024,,,,,,,,,,,,,,,,,,,,,,,,,,,
BLUFF_POINT-NW,35076C2NW,Incomplete,2024,,,,,,,,,,,,,,,,,,,,,,,,,,,
BOILING_SPRINGS_SOUTH-NW,35081B6NW,Incomplete,2023,,,,,,,,,,,,,,,,,,,,,,,,,,,
BURLINGTON_NE-SE,36079B3SE,Incomplete,2024,,,,,,,,,,,,,,,,,,,,,,,,,,,
BUNN_EAST-SE,35078H2SE,Complete,2024,,,,,,,,,,,,,,,,,,,,,,,,,,,
BURNSVILLE-SE,35082H3SE,Incomplete,2025,,,,,,,,,,,,,,,,,,,,,,,,,,,
CALABASH-SE,33078H5SE,Complete,2023,,,,,,,,,,,,,,,,,,,,,,,,,,,
CAPE_LOOKOUT-NE,34076E5NE,Incomplete,2023,,,,,,,,,,,,,,,,,,,,,,,,,,,
BOLIVIA-SE,34078A2SE,Incomplete,2023,,,,,,,,,,,,,,,,,,,,,,,,,,,
BREVARD-SE,35082B6SE,Incomplete,2023,,,,,,,,,,,,,,,,,,,,,,,,,,,
BOYKINS-SE,36077E2SE,Incomplete,2025,,,,,,,,,,,,,,,,,,,,,,,,,,,
BROWNS_INLET-NW,34077E2NW,Incomplete,2025,,,,,,,,,,,,,,,,,,,,,,,,,,,
BROOKS_CROSSROADS-SE,36080A7SE,Incomplete,2024,,,,,,,,,,,,,,,,,,,,,,,,,,,
BROADWAY-SE,35079D1SE,Incomplete,2025,,,,,,,,,,,,,,,,,,,,,,,,,,,
BROSVILLE-SE,o36079E5SE,Incomplete,2024,,,,,,,,,,,,,,,,,,,,,,,,,,,
BUNN_WEST-SE,35078H3SE,Complete,2024,,,,,,,,,,,,,,,,,,,,,,,,,,,
BUFFALO_COVE-SE,36081A5SE,Incomplete,2024,,,,,,,,,,,,,,,,,,,,,,,,,,,
CADES_COVE-SE,35083E7SE,Incomplete,2025,,,,,,,,,,,,,,,,,,,,,,,,,,,
BYNUM-SE,35079G2SE,Incomplete,2025,,,,,,,,,,,,,,,,,,,,,,,,,,,
BURLINGTON-SE,36079A4SE,Incomplete,2024,,,,,,,,,,,,,,,,,,,,,,,,,,,
BUNYAN-SE,35076E8SE,Incomplete,2024,,,,,,,,,,,,,,,,,,,,,,,,,,,
BUNNLEVEL-SE,35078C7SE,Incomplete,2025,,,,,,,,,,,,,,,,,,,,,,,,,,,
CALAHALN-SE,35080H6SE,Incomplete,2024,,,,,,,,,,,,,,,,,,,,,,,,,,,
CANA-SE,36080E6SE,Incomplete,2025,,,,,,,,,,,,,,,,,,,,,,,,,,,
BRYSON_CITY-SE,35083D4SE,Incomplete,2025,,,,,,,,,,,,,,,,,,,,,,,,,,,
BUFFALO_CITY-SE,35075G8SE,Incomplete,2024,,,,,,,,,,,,,,,,,,,,,,,,,,,
BUXTON-SE,35075C5SE,Complete,2024,,,,,,,,,,,,,,,,,,,,,,,,,,,
CAMDEN_POINT-CW,36075B8CW,Incomplete,2025,,,,,,,,,,,,,,,,,,,,,,,,,,,
CARTHAGE-SE,35079C4SE,Incomplete,2023,,,,,,,,,,,,,,,,,,,,,,,,,,,
CAROLINA_BEACH-SE,34077A8SE,Incomplete,2024,,,,,,,,,,,,,,,,,,,,,,,,,,,
CASHIERS-CW,35083A1CW,Incomplete,2024,,,,,,,,,,,,,,,,,,,,,,,,,,,
CHESTNUT_MOUNTAIN-SE,35081H7SE,Incomplete,2024,,,,,,,,,,,,,,,,,,,,,,,,,,,
CATFISH_LAKE-SE,34077H1SE,Incomplete,2023,,,,,,,,,,,,,,,,,,,,,,,,,,,
CHARLOTTE_EAST-SE,35080B7SE,Complete,2025,,,,,,,,,,,,,,,,,,,,,,,,,,,
CHERRY_POINT-SE,34076H7SE,Incomplete,2023,,,,,,,,,,,,,,,,,,,,,,,,,,,
CARVERS_GAP-SE,36082A1SE,Incomplete,2025,,,,,,,,,,,,,,,,,,,,,,,,,,,
CALDWELL-SE,36079B1SE,Incomplete,2024,,,,,,,,,,,,,,,,,,,,,,,,,,,
CAROLINA_BEACH_OE_E-NW,34077A7NW,Incomplete,2024,,,,,,,,,,,,,,,,,,,,,,,,,,,
CANDOR-SE,35079C6SE,Incomplete,2023,,,,,,,,,,,,,,,,,,,,,,,,,,,
CAPE_FEAR-NW,33077G8NW,Incomplete,2023,,,,,,,,,,,,,,,,,,,,,,,,,,,
CASTLE_HAYNE-SE,34077C8SE,Incomplete,2024,,,,,,,,,,,,,,,,,,,,,,,,,,,
CHARITY-SE,34077G8SE,Incomplete,2025,,,,,,,,,,,,,,,,,,,,,,,,,,,
CHERRYVILLE-SE,35081D4SE,Incomplete,2023,,,,,,,,,,,,,,,,,,,,,,,,,,,
CERRO_GORDO-SE,34078C8SE,Incomplete,2023,,,,,,,,,,,,,,,,,,,,,,,,,,,
CAPE_HATTERAS-NW,35075B5NW,Complete,2024,,,,,,,,,,,,,,,,,,,,,,,,,,,
CANTON-SE,35082E7SE,Incomplete,2024,,,,,,,,,,,,,,,,,,,,,,,,,,,
CARY-SE,35078G7SE,Complete,2023,,,,,,,,,,,,,,,,,,,,,,,,,,,
CAMP_LEJEUNE-SE,34077F3SE,Incomplete,2025,,,,,,,,,,,,,,,,,,,,,,,,,,,
CELO-SE,35082G2SE,Incomplete,2025,,,,,,,,,,,,,,,,,,,,,,,,,,,
CHAPEL_HILL-SE,35079H1SE,Complete,2024,,,,,,,,,,,,,,,,,,,,,,,,,,,
CEDAR_GROVE-SE,36079B2SE,Incomplete,2024,,,,,,,,,,,,,,,,,,,,,,,,,,,
CHERRY_GROVE-SE,36079C4SE,Incomplete,2024,,,,,,,,,,,,,,,,,,,,,,,,,,,
CHADBOURN_NE-SE,34078D7SE,Incomplete,2023,,,,,,,,,,,,,,,,,,,,,,,,,,,
CENTER_HILL-SE,36076B5SE,Incomplete,2025,,,,,,,,,,,,,,,,,,,,,,,,,,,
CHESNEE-NW,35081B7NW,Incomplete,2024,,,,,,,,,,,,,,,,,,,,,,,,,,,
CATAWBA-SE,35081F1SE,Incomplete,2023,,,,,,,,,,,,,,,,,,,,,,,,,,,
CENTRAL-SE,35080H8SE,Incomplete,2024,,,,,,,,,,,,,,,,,,,,,,,,,,,
CHURCHLAND-SE,35080G4SE,Complete,2023,,,,,,,,,,,,,,,,,,,,,,,,,,,
CLAYTON-SE,35078F4SE,Incomplete,2023,,,,,,,,,,,,,,,,,,,,,,,,,,,
RUSSELLVILLE-SE,34080H2SE,Incomplete,2024,,,,,,,,,,,,,,,,,,,,,,,,,,,
CLARKTON-SE,34078D6SE,Incomplete,2023,,,,,,,,,,,,,,,,,,,,,,,,,,,
CASAR-SE,35081E5SE,Incomplete,2023,,,,,,,,,,,,,,,,,,,,,,,,,,,
CASTALIA-SE,36078A1SE,Complete,2024,,,,,,,,,,,,,,,,,,,,,,,,,,,
CATHERINE_LAKE-SE,34077G5SE,Incomplete,2025,,,,,,,,,,,,,,,,,,,,,,,,,,,
CEDAR_CREEK-SE,34078H7SE,Incomplete,2025,,,,,,,,,,,,,,,,,,,,,,,,,,,
CENTERVILLE-SE,36078B1SE,Incomplete,2024,,,,,,,,,,,,,,,,,,,,,,,,,,,
CHADBOURN-SE,34078C7SE,Incomplete,2023,,,,,,,,,,,,,,,,,,,,,,,,,,,
CHARLOTTE_WEST-SE,35080B8SE,Incomplete,2025,,,,,,,,,,,,,,,,,,,,,,,,,,,
CHAPANOKE-SE,36076C4SE,Incomplete,2025,,,,,,,,,,,,,,,,,,,,,,,,,,,
CHINQUAPIN-SE,34077G7SE,Incomplete,2025,,,,,,,,,,,,,,,,,,,,,,,,,,,
CLAUDVILLE-SE,36080E4SE,Incomplete,2025,,,,,,,,,,,,,,,,,,,,,,,,,,,
CLARKSVILLE_SOUTH-SE,o36078E5SE,Incomplete,2023,,,,,,,,,,,,,,,,,,,,,,,,,,,
CHINA_GROVE-SE,35080E5SE,Incomplete,2025,,,,,,,,,,,,,,,,,,,,,,,,,,,
CLINGMANS_DOME-SE,35083E4SE,Incomplete,2025,,,,,,,,,,,,,,,,,,,,,,,,,,,
CLINTON_SOUTH-SE,34078H3SE,Incomplete,2024,,,,,,,,,,,,,,,,,,,,,,,,,,,
COKESBURY-SE,35078E8SE,Incomplete,2025,,,,,,,,,,,,,,,,,,,,,,,,,,,
COMFORT-SE,35077A5SE,Incomplete,2025,,,,,,,,,,,,,,,,,,,,,,,,,,,
COLERAIN-SE,36076B7SE,Incomplete,2023,,,,,,,,,,,,,,,,,,,,,,,,,,,
COLUMBIA_WEST-SE,35076H3SE,Incomplete,2024,,,,,,,,,,,,,,,,,,,,,,,,,,,
COLLETTSVILLE-SE,35081H6SE,Incomplete,2024,,,,,,,,,,,,,,,,,,,,,,,,,,,
CONCORD-SE,35080D5SE,Complete,2025,,,,,,,,,,,,,,,,,,,,,,,,,,,
CLARESVILLE-SE,36077E4SE,Incomplete,2025,,,,,,,,,,,,,,,,,,,,,,,,,,,
CHESTOA-SE,36082A4SE,Incomplete,2025,,,,,,,,,,,,,,,,,,,,,,,,,,,
CLEMMONS-SE,36080A4SE,Incomplete,2025,,,,,,,,,,,,,,,,,,,,,,,,,,,
CLIFDALE-SE,35079A1SE,Incomplete,2025,,,,,,,,,,,,,,,,,,,,,,,,,,,
CLUSTER_SPRINGS-SE,36078E8SE,Incomplete,2023,,,,,,,,,,,,,,,,,,,,,,,,,,,
CONCORD_SE-SE,35080C5SE,Incomplete,2025,,,,,,,,,,,,,,,,,,,,,,,,,,,
COINJOCK-SE,36075C8SE,Incomplete,2025,,,,,,,,,,,,,,,,,,,,,,,,,,,
CLINTON_NORTH-SE,35078A3SE,Incomplete,2024,,,,,,,,,,,,,,,,,,,,,,,,,,,
CLIMAX-SE,35079H6SE,Incomplete,2025,,,,,,,,,,,,,,,,,,,,,,,,,,,
CLIFFIELD_MOUNTAIN-SE,35082C3SE,Complete,2023,,,,,,,,,,,,,,,,,,,,,,,,,,,
CLYDE-SE,35082E8SE,Complete,2024,,,,,,,,,,,,,,,,,,,,,,,,,,,
COATS-SE,35078D6SE,Complete,2025,,,,,,,,,,,,,,,,,,,,,,,,,,,
COLUMBIA_EAST-SE,35076H2SE,Incomplete,2024,,,,,,,,,,,,,,,,,,,,,,,,,,,
CORBIN_KNOB-SE,35083B3SE,Incomplete,2025,,,,,,,,,,,,,,,,,,,,,,,,,,,
CONETOE-SE,35077G4SE,Incomplete,2024,,,,,,,,,,,,,,,,,,,,,,,,,,,
MILTON-SE,o36079E2SE,Incomplete,2024,,,,,,,,,,,,,,,,,,,,,,,,,,,
DANBURY-SE,36080D2SE,Incomplete,2025,,,,,,,,,,,,,,,,,,,,,,,,,,,
CREEDS-SE,36076E1SE,Incomplete,2025,,,,,,,,,,,,,,,,,,,,,,,,,,,
CURRITUCK-SE,36076D1SE,Incomplete,2025,,,,,,,,,,,,,,,,,,,,,,,,,,,
CUMBERLAND_KNOB-SE,36080E8SE,Incomplete,2025,,,,,,,,,,,,,,,,,,,,,,,,,,,
CURRIE-SE,34078D1SE,Incomplete,2025,,,,,,,,,,,,,,,,,,,,,,,,,,,
COVE_CITY-SE,35077B3SE,Complete,2023,,,,,,,,,,,,,,,,,,,,,,,,,,,
COVE_CREEK_GAP-SE,35083F1SE,Incomplete,2024,,,,,,,,,,,,,,,,,,,,,,,,,,,
CRUSO-SE,35082D7SE,Incomplete,2024,,,,,,,,,,,,,,,,,,,,,,,,,,,
DEEP_RUN-SE,35077B6SE,Incomplete,2024,,,,,,,,,,,,,,,,,,,,,,,,,,,
DEEP_GAP-SE,36081B5SE,Complete,2023,,,,,,,,,,,,,,,,,,,,,,,,,,,
COLON-SE,35079E2SE,Incomplete,2025,,,,,,,,,,,,,,,,,,,,,,,,,,,
RINGGOLD-SE,o36079E3SE,Incomplete,2024,,,,,,,,,,,,,,,,,,,,,,,,,,,
COPELAND-SE,36080C6SE,Incomplete,2025,,,,,,,,,,,,,,,,,,,,,,,,,,,
CONWAY-SE,36077D2SE,Incomplete,2025,,,,,,,,,,,,,,,,,,,,,,,,,,,
COOLEEMEE-SE,35080G5SE,Incomplete,2025,,,,,,,,,,,,,,,,,,,,,,,,,,,
CORAPEAKE-SE,36076E5SE,Incomplete,2025,,,,,,,,,,,,,,,,,,,,,,,,,,,
CORE_CREEK-SE,34076G6SE,Complete,2023,,,,,,,,,,,,,,,,,,,,,,,,,,,
CRESWELL_SE-SE,35076G3SE,Incomplete,2024,,,,,,,,,,,,,,,,,,,,,,,,,,,
DELWAY-SE,34078G2SE,Incomplete,2025,,,,,,,,,,,,,,,,,,,,,,,,,,,
DENTON_NW-SE,35080F2SE,Incomplete,2023,,,,,,,,,,,,,,,,,,,,,,,,,,,
EAST_LAKE-SE,35075H8SE,Incomplete,2024,,,,,,,,,,,,,,,,,,,,,,,,,,,
EFLAND-SE,36079A2SE,Incomplete,2024,,,,,,,,,,,,,,,,,,,,,,,,,,,
EASTATOE_GAP-NW,35082A7NW,Incomplete,2023,,,,,,,,,,,,,,,,,,,,,,,,,,,
EDWARD-SE,35076C8SE,Complete,2024,,,,,,,,,,,,,,,,,,,,,,,,,,,
EDENHOUSE-CW,36076A6CW,Incomplete,2023,,,,,,,,,,,,,,,,,,,,,,,,,,,
EAST_BEND-SE,36080B5SE,Incomplete,2024,,,,,,,,,,,,,,,,,,,,,,,,,,,
ELLENDALE-SE,35081H3SE,Incomplete,2024,,,,,,,,,,,,,,,,,,,,,,,,,,,
ELKIN_SOUTH-SE,36080B7SE,Incomplete,2024,,,,,,,,,,,,,,,,,,,,,,,,,,,
ELLISBORO-SE,36079C8SE,Incomplete,2024,,,,,,,,,,,,,,,,,,,,,,,,,,,
DENVER-SE,35081E1SE,Incomplete,2023,,,,,,,,,,,,,,,,,,,,,,,,,,,
DOBBERSVILLE-SE,35078B2SE,Incomplete,2025,,,,,,,,,,,,,,,,,,,,,,,,,,,
DERITA-SE,35080C7SE,Incomplete,2025,,,,,,,,,,,,,,,,,,,,,,,,,,,
EDENTON-SE,36076A5SE,Incomplete,2023,,,,,,,,,,,,,,,,,,,,,,,,,,,
DOVER-SE,35077B4SE,Incomplete,2025,,,,,,,,,,,,,,,,,,,,,,,,,,,
DUART-SE,34078G7SE,Complete,2024,,,,,,,,,,,,,,,,,,,,,,,,,,,
DRAUGHN-SE,36077A5SE,Incomplete,2025,,,,,,,,,,,,,,,,,,,,,,,,,,,
DREXEL-SE,35081G5SE,Incomplete,2024,,,,,,,,,,,,,,,,,,,,,,,,,,,
DUNN-SE,35078C5SE,Incomplete,2024,,,,,,,,,,,,,,,,,,,,,,,,,,,
ENGELHARD_EAST-CW,35075E8CW,Incomplete,2024,,,,,,,,,,,,,,,,,,,,,,,,,,,
ELLERBE-SE,35079A7SE,Incomplete,2024,,,,,,,,,,,,,,,,,,,,,,,,,,,
CORNELIUS-SE,35080D7SE,Incomplete,2025,,,,,,,,,,,,,,,,,,,,,,,,,,,
COSTIN-SE,34078E1SE,Incomplete,2025,,,,,,,,,,,,,,,,,,,,,,,,,,,
CRAGGY_PINNACLE-SE,35082F4SE,Incomplete,2024,,,,,,,,,,,,,,,,,,,,,,,,,,,
COUNCIL-SE,34078D4SE,Incomplete,2024,,,,,,,,,,,,,,,,,,,,,,,,,,,
CREEDMOOR-SE,36078A6SE,Complete,2023,,,,,,,,,,,,,,,,,,,,,,,,,,,
CRESWELL-SE,35076G4SE,Incomplete,2024,,,,,,,,,,,,,,,,,,,,,,,,,,,
BENNETT-SE,35079E5SE,Incomplete,2025,,,,,,,,,,,,,,,,,,,,,,,,,,,
DAVIS-SE,34076G4SE,Incomplete,2023,,,,,,,,,,,,,,,,,,,,,,,,,,,
COLERIDGE-SE,35079F5SE,Incomplete,2025,,,,,,,,,,,,,,,,,,,,,,,,,,,
CRUTCHFIELD_CROSSROADS-SE,35079G4SE,Incomplete,2025,,,,,,,,,,,,,,,,,,,,,,,,,,,
DELLWOOD-SE,35083E1SE,Incomplete,2024,,,,,,,,,,,,,,,,,,,,,,,,,,,
DRAKE-SE,36077A7SE,Incomplete,2024,,,,,,,,,,,,,,,,,,,,,,,,,,,
DUBLIN-SE,34078F6SE,Complete,2024,,,,,,,,,,,,,,,,,,,,,,,,,,,
DUNSMORE_MOUNTAIN-SE,35082D6SE,Incomplete,2023,,,,,,,,,,,,,,,,,,,,,,,,,,,
ELIZABETHTOWN_SOUTH-SE,34078E5SE,Incomplete,2024,,,,,,,,,,,,,,,,,,,,,,,,,,,
EAST_LAKE_SE-SE,35075G7SE,Incomplete,2024,,,,,,,,,,,,,,,,,,,,,,,,,,,
DANVILLE-SE,o36079E4SE,Incomplete,2024,,,,,,,,,,,,,,,,,,,,,,,,,,,
COROLLA-CW,36075D7CW,Incomplete,2025,,,,,,,,,,,,,,,,,,,,,,,,,,,
DOBSON-SE,36080D6SE,Incomplete,2025,,,,,,,,,,,,,,,,,,,,,,,,,,,
DENTON-SE,35080F1SE,Incomplete,2025,,,,,,,,,,,,,,,,,,,,,,,,,,,
DIGGS-NW,34079G7NW,Incomplete,2024,,,,,,,,,,,,,,,,,,,,,,,,,,,
SILER_CITY-SE,35079F4SE,Incomplete,2025,,,,,,,,,,,,,,,,,,,,,,,,,,,
DYSARTSVILLE-SE,35081E7SE,Incomplete,2024,,,,,,,,,,,,,,,,,,,,,,,,,,,
EDMONDSON-SE,35078E5SE,Incomplete,2023,,,,,,,,,,,,,,,,,,,,,,,,,,,
ELIZABETH_CITY-SE,36076C2SE,Incomplete,2025,,,,,,,,,,,,,,,,,,,,,,,,,,,
ELK_PARK-SE,36081B8SE,Incomplete,2025,,,,,,,,,,,,,,,,,,,,,,,,,,,
ENFIELD-SE,36077B6SE,Incomplete,2025,,,,,,,,,,,,,,,,,,,,,,,,,,,
EMERSON-SE,34078D5SE,Incomplete,2023,,,,,,,,,,,,,,,,,,,,,,,,,,,
ELM_CITY-SE,35077G7SE,Incomplete,2024,,,,,,,,,,,,,,,,,,,,,,,,,,,
ENGELHARD_NE-SE,35075F7SE,Incomplete,2024,,,,,,,,,,,,,,,,,,,,,,,,,,,
FRYING_PAN-SE,35076G1SE,Incomplete,2024,,,,,,,,,,,,,,,,,,,,,,,,,,,
FARMER-SE,35079F8SE,Incomplete,2025,,,,,,,,,,,,,,,,,,,,,,,,,,,
ERWIN-SE,35078C6SE,Incomplete,2025,,,,,,,,,,,,,,,,,,,,,,,,,,,
FAIR_BLUFF-NW,34079C1NW,Complete,2023,,,,,,,,,,,,,,,,,,,,,,,,,,,
FARMLIFE-SE,35076F8SE,Incomplete,2024,,,,,,,,,,,,,,,,,,,,,,,,,,,
FOUNTAIN-SE,35077F6SE,Incomplete,2024,,,,,,,,,,,,,,,,,,,,,,,,,,,
EXUM-SE,34078A4SE,Incomplete,2023,,,,,,,,,,,,,,,,,,,,,,,,,,,
FAISON-SE,35078A2SE,Incomplete,2024,,,,,,,,,,,,,,,,,,,,,,,,,,,
FAIRFIELD_NE-SE,35076F1SE,Incomplete,2024,,,,,,,,,,,,,,,,,,,,,,,,,,,
ELKIN_NORTH-SE,36080C7SE,Incomplete,2025,,,,,,,,,,,,,,,,,,,,,,,,,,,
ELIZABETHTOWN_NORTH-SE,34078F5SE,Incomplete,2024,,,,,,,,,,,,,,,,,,,,,,,,,,,
ENGELHARD_NW-SE,35075F8SE,Incomplete,2024,,,,,,,,,,,,,,,,,,,,,,,,,,,
FRANKLIN-SE,35083B4SE,Incomplete,2025,,,,,,,,,,,,,,,,,,,,,,,,,,,
SILK_HOPE-SE,35079G3SE,Incomplete,2025,,,,,,,,,,,,,,,,,,,,,,,,,,,
ERNUL-SE,35077C1SE,Incomplete,2023,,,,,,,,,,,,,,,,,,,,,,,,,,,
FAIR_GROVE-SE,35080G1SE,Incomplete,2025,,,,,,,,,,,,,,,,,,,,,,,,,,,
FINGERVILLE_EAST-NW,35081B8NW,Incomplete,2023,,,,,,,,,,,,,,,,,,,,,,,,,,,
ENGELHARD_WEST-SE,35076E1SE,Incomplete,2024,,,,,,,,,,,,,,,,,,,,,,,,,,,
ENKA-SE,35082E6SE,Complete,2024,,,,,,,,,,,,,,,,,,,,,,,,,,,
GLENVILLE-SE,35083B2SE,Incomplete,2024,,,,,,,,,,,,,,,,,,,,,,,,,,,
GIBSON-SE,34079G5SE,Incomplete,2025,,,,,,,,,,,,,,,,,,,,,,,,,,,
GARNER-SE,35078F5SE,Incomplete,2023,,,,,,,,,,,,,,,,,,,,,,,,,,,
SILER_CITY_NE-SE,35079F3SE,Incomplete,2025,,,,,,,,,,,,,,,,,,,,,,,,,,,
GRANDFATHER_MOUNTAIN-SE,36081A7SE,Incomplete,2025,,,,,,,,,,,,,,,,,,,,,,,,,,,
GRANITE_FALLS-SE,35081G4SE,Incomplete,2024,,,,,,,,,,,,,,,,,,,,,,,,,,,
NELSON-SE,o36078E6SE,Incomplete,2023,,,,,,,,,,,,,,,,,,,,,,,,,,,
GREENSBORO-SE,36079A7SE,Incomplete,2025,,,,,,,,,,,,,,,,,,,,,,,,,,,
GREEN_LEVEL-SE,35078G8SE,Complete,2023,,,,,,,,,,,,,,,,,,,,,,,,,,,
GREENVILLE_NW-SE,35077F4SE,Complete,2024,,,,,,,,,,,,,,,,,,,,,,,,,,,
GROVER-CW,35081B4CW,Incomplete,2023,,,,,,,,,,,,,,,,,,,,,,,,,,,
GREYSTONE-SE,36082A6SE,Incomplete,2024,,,,,,,,,,,,,,,,,,,,,,,,,,,
EVERGREEN-SE,34078D8SE,Incomplete,2023,,,,,,,,,,,,,,,,,,,,,,,,,,,
GLENDALE_SPRINGS-SE,36081C4SE,Incomplete,2023,,,,,,,,,,,,,,,,,,,,,,,,,,,
GLOBE-SE,36081A6SE,Incomplete,2024,,,,,,,,,,,,,,,,,,,,,,,,,,,
GLADE_VALLEY-SE,36081D1SE,Incomplete,2025,,,,,,,,,,,,,,,,,,,,,,,,,,,
GRAYSON-SE,36081E6SE,Incomplete,2023,,,,,,,,,,,,,,,,,,,,,,,,,,,
GREENVILLE_SW-SE,35077E4SE,Incomplete,2024,,,,,,,,,,,,,,,,,,,,,,,,,,,
GRIFTON-SE,35077C4SE,Incomplete,2023,,,,,,,,,,,,,,,,,,,,,,,,,,,
GREENVILLE_NE-SE,35077F3SE,Incomplete,2024,,,,,,,,,,,,,,,,,,,,,,,,,,,
GRISSOM-SE,36078A5SE,Complete,2024,,,,,,,,,,,,,,,,,,,,,,,,,,,
FARRINGTON-SE,35079G1SE,Complete,2025,,,,,,,,,,,,,,,,,,,,,,,,,,,
FINGERVILLE_WEST-NW,35082B1NW,Incomplete,2023,,,,,,,,,,,,,,,,,,,,,,,,,,,
FOUR_OAKS_NE-SE,35078D3SE,Incomplete,2023,,,,,,,,,,,,,,,,,,,,,,,,,,,
FAIRFIELD_NW-SE,35076F2SE,Incomplete,2024,,,,,,,,,,,,,,,,,,,,,,,,,,,
FUNSTON-SE,34078A1SE,Incomplete,2023,,,,,,,,,,,,,,,,,,,,,,,,,,,
FORT_BARNWELL-SE,35077C3SE,Incomplete,2023,,,,,,,,,,,,,,,,,,,,,,,,,,,
FREEMAN-SE,34078C3SE,Incomplete,2023,,,,,,,,,,,,,,,,,,,,,,,,,,,
FLOWERS-SE,35078F3SE,Complete,2023,,,,,,,,,,,,,,,,,,,,,,,,,,,
HACKNEY-SE,35077D1SE,Incomplete,2024,,,,,,,,,,,,,,,,,,,,,,,,,,,
FOLKSTONE-SE,34077E5SE,Incomplete,2025,,,,,,,,,,,,,,,,,,,,,,,,,,,
FRANKLINTON-SE,36078A4SE,Complete,2024,,,,,,,,,,,,,,,,,,,,,,,,,,,
FREMONT-SE,35077E8SE,Incomplete,2023,,,,,,,,,,,,,,,,,,,,,,,,,,,
FROG_POND-SE,35080C3SE,Incomplete,2023,,,,,,,,,,,,,,,,,,,,,,,,,,,
ENOCHVILLE-SE,35080E6SE,Incomplete,2025,,,,,,,,,,,,,,,,,,,,,,,,,,,
FONTANA_DAM-SE,35083D7SE,Incomplete,2025,,,,,,,,,,,,,,,,,,,,,,,,,,,
FOREST_CITY-SE,35081C7SE,Incomplete,2024,,,,,,,,,,,,,,,,,,,,,,,,,,,
FOUR_OAKS-SE,35078D4SE,Incomplete,2023,,,,,,,,,,,,,,,,,,,,,,,,,,,
ESSEX-SE,36077B8SE,Incomplete,2024,,,,,,,,,,,,,,,,,,,,,,,,,,,
FARMINGTON-SE,36080A5SE,Incomplete,2024,,,,,,,,,,,,,,,,,,,,,,,,,,,
FRUITLAND-SE,35082D4SE,Complete,2023,,,,,,,,,,,,,,,,,,,,,,,,,,,
FAIRMONT-SE,34079D1SE,Incomplete,2023,,,,,,,,,,,,,,,,,,,,,,,,,,,
FALLING_CREEK-SE,35077C6SE,Incomplete,2024,,,,,,,,,,,,,,,,,,,,,,,,,,,
FORT_LANDING-SE,35076H1SE,Incomplete,2024,,,,,,,,,,,,,,,,,,,,,,,,,,,
FARMVILLE-SE,35077E5SE,Incomplete,2024,,,,,,,,,,,,,,,,,,,,,,,,,,,
FREELAND-SE,34078A5SE,Incomplete,2023,,,,,,,,,,,,,,,,,,,,,,,,,,,
FUQUAY-VARINA-SE,35078E7SE,Incomplete,2025,,,,,,,,,,,,,,,,,,,,,,,,,,,
GASTONIA_NORTH-SE,35081C2SE,Incomplete,2023,,,,,,,,,,,,,,,,,,,,,,,,,,,
GARDNERVILLE-SE,35077D3SE,Complete,2024,,,,,,,,,,,,,,,,,,,,,,,,,,,
GATES-SE,36076E7SE,Incomplete,2025,,,,,,,,,,,,,,,,,,,,,,,,,,,
GORETOWN-NE,34078A7NE,Incomplete,2023,,,,,,,,,,,,,,,,,,,,,,,,,,,
GILREATH-SE,36081A1SE,Incomplete,2024,,,,,,,,,,,,,,,,,,,,,,,,,,,
FINES_CREEK-SE,35082F8SE,Incomplete,2024,,,,,,,,,,,,,,,,,,,,,,,,,,,
FAIRFIELD-CW,35076E2CW,Incomplete,2024,,,,,,,,,,,,,,,,,,,,,,,,,,,
FALKLAND-SE,35077F5SE,Incomplete,2024,,,,,,,,,,,,,,,,,,,,,,,,,,,
FAYETTEVILLE-SE,35078A8SE,Complete,2025,,,,,,,,,,,,,,,,,,,,,,,,,,,
BELEWS_CREEK-SE,36080B1SE,Incomplete,2025,,,,,,,,,,,,,,,,,,,,,,,,,,,
GLENWOOD-SE,35081E8SE,Incomplete,2024,,,,,,,,,,,,,,,,,,,,,,,,,,,
GOLDSTON-SE,35079E3SE,Incomplete,2025,,,,,,,,,,,,,,,,,,,,,,,,,,,
BROWNS_SUMMIT-SE,36079B6SE,Incomplete,2025,,,,,,,,,,,,,,,,,,,,,,,,,,,
GASTONIA_SOUTH-CW,35081B2CW,Incomplete,2023,,,,,,,,,,,,,,,,,,,,,,,,,,,
GATESVILLE-SE,36076D7SE,Incomplete,2025,,,,,,,,,,,,,,,,,,,,,,,,,,,
AURELIAN_SPRINGS-SE,36077C7SE,Incomplete,2025,,,,,,,,,,,,,,,,,,,,,,,,,,,
GARLAND-SE,34078G4SE,Incomplete,2024,,,,,,,,,,,,,,,,,,,,,,,,,,,
GLEN_ALPINE-SE,35081F7SE,Incomplete,2024,,,,,,,,,,,,,,,,,,,,,,,,,,,
GADDYSVILLE-NW,34079D2NW,Complete,2023,,,,,,,,,,,,,,,,,,,,,,,,,,,
GASBURG-SE,36077E8SE,Incomplete,2024,,,,,,,,,,,,,,,,,,,,,,,,,,,
GIBSONVILLE-SE,36079A5SE,Incomplete,2024,,,,,,,,,,,,,,,,,,,,,,,,,,,
GOLD_SAND-SE,36078B2SE,Incomplete,2024,,,,,,,,,,,,,,,,,,,,,,,,,,,
GRASSY_CREEK-SE,36081E4SE,Incomplete,2023,,,,,,,,,,,,,,,,,,,,,,,,,,,
GRIMESLAND-SE,35077E2SE,Complete,2024,,,,,,,,,,,,,,,,,,,,,,,,,,,
GRANDIN-SE,36081A4SE,Incomplete,2024,,,,,,,,,,,,,,,,,,,,,,,,,,,
GREEN_ISLAND-CE,35075B7CE,Incomplete,2024,,,,,,,,,,,,,,,,,,,,,,,,,,,
GREAT_ISLAND-NW,35076C3NW,Incomplete,2024,,,,,,,,,,,,,,,,,,,,,,,,,,,
HADNOT_CREEK-SE,34077G1SE,Incomplete,2023,,,,,,,,,,,,,,,,,,,,,,,,,,,
HALIFAX-SE,36077C5SE,Incomplete,2025,,,,,,,,,,,,,,,,,,,,,,,,,,,
HAMLET-SE,34079H6SE,Incomplete,2024,,,,,,,,,,,,,,,,,,,,,,,,,,,
DARLINGTON-SE,36077C6SE,Incomplete,2025,,,,,,,,,,,,,,,,,,,,,,,,,,,
HAMILTON-SE,35077H2SE,Incomplete,2023,,,,,,,,,,,,,,,,,,,,,,,,,,,
GRANTHAM-SE,35078C2SE,Incomplete,2023,,,,,,,,,,,,,,,,,,,,,,,,,,,
GREENVILLE_SE-SE,35077E3SE,Incomplete,2024,,,,,,,,,,,,,,,,,,,,,,,,,,,
GREENS_CREEK-SE,35083C3SE,Incomplete,2024,,,,,,,,,,,,,,,,,,,,,,,,,,,
GUILFORD-SE,36079A8SE,Incomplete,2025,,,,,,,,,,,,,,,,,,,,,,,,,,,
HAMPSTEAD-CW,34077C6CW,Incomplete,2025,,,,,,,,,,,,,,,,,,,,,,,,,,,
HANGING_ROCK-SE,36080D3SE,Incomplete,2025,,,,,,,,,,,,,,,,,,,,,,,,,,,
HARRELLSVILLE-SE,36076C7SE,Incomplete,2023,,,,,,,,,,,,,,,,,,,,,,,,,,,
HAMPSTEAD_OE_E-NW,34077C5NW,Incomplete,2025,,,,,,,,,,,,,,,,,,,,,,,,,,,
HARKERS_ISLAND-SE,34076F5SE,Incomplete,2023,,,,,,,,,,,,,,,,,,,,,,,,,,,
HARRELLS-SE,34078F2SE,Incomplete,2025,,,,,,,,,,,,,,,,,,,,,,,,,,,
HATTERAS-NW,35075B6NW,Incomplete,2024,,,,,,,,,,,,,,,,,,,,,,,,,,,
HAZELWOOD-SE,35083D1SE,Incomplete,2024,,,,,,,,,,,,,,,,,,,,,,,,,,,
HENDERSON-SE,36078C4SE,Complete,2023,,,,,,,,,,,,,,,,,,,,,,,,,,,
HIDDENITE-SE,35081H1SE,Incomplete,2024,,,,,,,,,,,,,,,,,,,,,,,,,,,
HATTERAS_OE_N-CE,35075C6CE,Incomplete,2024,,,,,,,,,,,,,,,,,,,,,,,,,,,
HARRISVILLE-SE,35079B7SE,Incomplete,2024,,,,,,,,,,,,,,,,,,,,,,,,,,,
HARVEY_NECK-NW,36076A3NW,Incomplete,2025,,,,,,,,,,,,,,,,,,,,,,,,,,,
HICKORY-SE,35081F3SE,Incomplete,2023,,,,,,,,,,,,,,,,,,,,,,,,,,,
HARMONY-SE,35080H7SE,Incomplete,2024,,,,,,,,,,,,,,,,,,,,,,,,,,,
HARRISBURG-SE,35080C6SE,Incomplete,2025,,,,,,,,,,,,,,,,,,,,,,,,,,,
HAWS_RUN-SE,34077F5SE,Incomplete,2025,,,,,,,,,,,,,,,,,,,,,,,,,,,
HERTFORD-SE,36076B4SE,Incomplete,2025,,,,,,,,,,,,,,,,,,,,,,,,,,,
HARTSEASE-SE,35077H6SE,Incomplete,2025,,,,,,,,,,,,,,,,,,,,,,,,,,,
HAVELOCK-SE,34076H8SE,Incomplete,2023,,,,,,,,,,,,,,,,,,,,,,,,,,,
HAYESVILLE-SE,35083A7SE,Incomplete,2025,,,,,,,,,,,,,,,,,,,,,,,,,,,
HENDERSONVILLE-SE,35082C4SE,Incomplete,2023,,,,,,,,,,,,,,,,,,,,,,,,,,,
HEWITT-SE,35083C6SE,Incomplete,2025,,,,,,,,,,,,,,,,,,,,,,,,,,,
HOBBSVILLE-SE,36076C5SE,Incomplete,2025,,,,,,,,,,,,,,,,,,,,,,,,,,,
HOBGOOD-SE,36077A4SE,Incomplete,2025,,,,,,,,,,,,,,,,,,,,,,,,,,,
HIGH_POINT_WEST-SE,35080H1SE,Incomplete,2025,,,,,,,,,,,,,,,,,,,,,,,,,,,
HIGH_ROCK-SE,35080E2SE,Incomplete,2023,,,,,,,,,,,,,,,,,,,,,,,,,,,
HIGHLANDS-SE,35083A2SE,Incomplete,2025,,,,,,,,,,,,,,,,,,,,,,,,,,,
HORNSBORO-NW,34080G3NW,Incomplete,2024,,,,,,,,,,,,,,,,,,,,,,,,,,,
INEZ-SE,36078C1SE,Incomplete,2024,,,,,,,,,,,,,,,,,,,,,,,,,,,
HOPE_MILLS-SE,34078H8SE,Incomplete,2025,,,,,,,,,,,,,,,,,,,,,,,,,,,
HURDLE_MILLS-SE,36079C1SE,Incomplete,2023,,,,,,,,,,,,,,,,,,,,,,,,,,,
HORSE_GAP-SE,36081C3SE,Incomplete,2023,,,,,,,,,,,,,,,,,,,,,,,,,,,
INGLESIDE-SE,36078B3SE,Incomplete,2024,,,,,,,,,,,,,,,,,,,,,,,,,,,
JACKSONVILLE_SOUTH-SE,34077F4SE,Incomplete,2025,,,,,,,,,,,,,,,,,,,,,,,,,,,
JASON-SE,35077D7SE,Incomplete,2024,,,,,,,,,,,,,,,,,,,,,,,,,,,
JASPER-SE,35077B2SE,Complete,2023,,,,,,,,,,,,,,,,,,,,,,,,,,,
HOFFMAN-SE,35079A5SE,Incomplete,2024,,,,,,,,,,,,,,,,,,,,,,,,,,,
HIGH_POINT_EAST-SE,35079H8SE,Incomplete,2025,,,,,,,,,,,,,,,,,,,,,,,,,,,
HOKE-SE,35076F7SE,Incomplete,2024,,,,,,,,,,,,,,,,,,,,,,,,,,,
HILLSBOROUGH-SE,36079A1SE,Complete,2024,,,,,,,,,,,,,,,,,,,,,,,,,,,
HOLLISTER-SE,36077C8SE,Incomplete,2025,,,,,,,,,,,,,,,,,,,,,,,,,,,
INGOLD-SE,34078G3SE,Incomplete,2024,,,,,,,,,,,,,,,,,,,,,,,,,,,
ISABELLA-SE,35084A3SE,Incomplete,2025,,,,,,,,,,,,,,,,,,,,,,,,,,,
HUNTDALE-SE,36082A3SE,Incomplete,2025,,,,,,,,,,,,,,,,,,,,,,,,,,,
HOLLY_RIDGE-CE,34077D5CE,Incomplete,2025,,,,,,,,,,,,,,,,,,,,,,,,,,,
JACKSON-SE,36077D4SE,Complete,2025,,,,,,,,,,,,,,,,,,,,,,,,,,,
JACKSONVILLE_NORTH-SE,34077G4SE,Incomplete,2025,,,,,,,,,,,,,,,,,,,,,,,,,,,
HOLDEN_BEACH-SE,33078H3SE,Incomplete,2023,,,,,,,,,,,,,,,,,,,,,,,,,,,
HOT_SPRINGS-SE,35082H7SE,Incomplete,2024,,,,,,,,,,,,,,,,,,,,,,,,,,,
HOWARD_REEF-SE,35075B8SE,Complete,2024,,,,,,,,,,,,,,,,,,,,,,,,,,,
HUBERT-SE,34077F2SE,Incomplete,2025,,,,,,,,,,,,,,,,,,,,,,,,,,,
HONEY_ISLAND-SE,34078B3SE,Incomplete,2023,,,,,,,,,,,,,,,,,,,,,,,,,,,
HORSEPEN_POINT-CW,34076F4CW,Incomplete,2023,,,,,,,,,,,,,,,,,,,,,,,,,,,
HORSE_SHOE-SE,35082C5SE,Complete,2023,,,,,,,,,,,,,,,,,,,,,,,,,,,
JACKSONVILLE_NE-SE,34077H3SE,Incomplete,2025,,,,,,,,,,,,,,,,,,,,,,,,,,,
JACKSONVILLE_NW-SE,34077H4SE,Incomplete,2025,,,,,,,,,,,,,,,,,,,,,,,,,,,
JAMESVILLE-SE,35076G8SE,Incomplete,2023,,,,,,,,,,,,,,,,,,,,,,,,,,,
JARVISBURG-CW,36075B7CW,Incomplete,2025,,,,,,,,,,,,,,,,,,,,,,,,,,,
JEFFERSON-SE,36081D4SE,Incomplete,2023,,,,,,,,,,,,,,,,,,,,,,,,,,,
KENANSVILLE-SE,34077H8SE,Incomplete,2025,,,,,,,,,,,,,,,,,,,,,,,,,,,
KINGS_CREEK-SE,35081H4SE,Incomplete,2024,,,,,,,,,,,,,,,,,,,,,,,,,,,
KINSTON-SE,35077C5SE,Incomplete,2024,,,,,,,,,,,,,,,,,,,,,,,,,,,
JUSTICE-SE,36078A2SE,Complete,2024,,,,,,,,,,,,,,,,,,,,,,,,,,,
KANNAPOLIS-SE,35080D6SE,Incomplete,2025,,,,,,,,,,,,,,,,,,,,,,,,,,,
HOOKERTON-SE,35077D5SE,Incomplete,2024,,,,,,,,,,,,,,,,,,,,,,,,,,,
KELLUM-SE,34077G3SE,Incomplete,2025,,,,,,,,,,,,,,,,,,,,,,,,,,,
KENLY_WEST-SE,35078E2SE,Incomplete,2023,,,,,,,,,,,,,,,,,,,,,,,,,,,
JONES_BAY-SE,35076B5SE,Incomplete,2023,,,,,,,,,,,,,,,,,,,,,,,,,,,
KING-SE,36080C3SE,Incomplete,2025,,,,,,,,,,,,,,,,,,,,,,,,,,,
KELLY-SE,34078D3SE,Incomplete,2024,,,,,,,,,,,,,,,,,,,,,,,,,,,
JUNIPER_CREEK-SE,34078B4SE,Incomplete,2023,,,,,,,,,,,,,,,,,,,,,,,,,,,
KITTY_HAWK-SE,36075A6SE,Incomplete,2024,,,,,,,,,,,,,,,,,,,,,,,,,,,
KENLY_EAST-SE,35078E1SE,Incomplete,2023,,,,,,,,,,,,,,,,,,,,,,,,,,,
JOHN_H_KERR_DAM-SE,36078E3SE,Incomplete,2024,,,,,,,,,,,,,,,,,,,,,,,,,,,
JOHNS-SE,34079F4SE,Incomplete,2023,,,,,,,,,,,,,,,,,,,,,,,,,,,
LAURINBURG-SE,34079G4SE,Incomplete,2025,,,,,,,,,,,,,,,,,,,,,,,,,,,
LEGGETTS_CROSSROADS-SE,35077F2SE,Incomplete,2024,,,,,,,,,,,,,,,,,,,,,,,,,,,
LAKE_WHEELER-SE,35078F6SE,Complete,2023,,,,,,,,,,,,,,,,,,,,,,,,,,,
LAWNDALE-SE,35081D5SE,Incomplete,2023,,,,,,,,,,,,,,,,,,,,,,,,,,,
JEROME-SE,34078G6SE,Incomplete,2024,,,,,,,,,,,,,,,,,,,,,,,,,,,
KERNERSVILLE-SE,36080A1SE,Incomplete,2025,,,,,,,,,,,,,,,,,,,,,,,,,,,
KIMESVILLE-SE,35079H5SE,Incomplete,2024,,,,,,,,,,,,,,,,,,,,,,,,,,,
KELFORD-SE,36077B2SE,Incomplete,2023,,,,,,,,,,,,,,,,,,,,,,,,,,,
KITTRELL-SE,36078B4SE,Complete,2024,,,,,,,,,,,,,,,,,,,,,,,,,,,
LA_GRANGE-SE,35077C7SE,Complete,2024,,,,,,,,,,,,,,,,,,,,,,,,,,,
KNOTTS_ISLAND_OE_E-SW,36075E7SW,Incomplete,2025,,,,,,,,,,,,,,,,,,,,,,,,,,,
LAKE_LURE-SE,35082D2SE,Complete,2023,,,,,,,,,,,,,,,,,,,,,,,,,,,
LAKE_MICHIE-SE,36078B7SE,Complete,2023,,,,,,,,,,,,,,,,,,,,,,,,,,,
LAMBS_CORNER-SE,36076D2SE,Incomplete,2025,,,,,,,,,,,,,,,,,,,,,,,,,,,
LAKE_BRANDT-SE,36079B7SE,Incomplete,2025,,,,,,,,,,,,,,,,,,,,,,,,,,,
LAKE_NORMAN_NORTH-SE,35080E8SE,Incomplete,2024,,,,,,,,,,,,,,,,,,,,,,,,,,,
LELAND-SE,34078C1SE,Incomplete,2023,,,,,,,,,,,,,,,,,,,,,,,,,,,
LAKE_NORMAN_SOUTH-SE,35080D8SE,Incomplete,2025,,,,,,,,,,,,,,,,,,,,,,,,,,,
LEASBURG-SE,36079D2SE,Incomplete,2024,,,,,,,,,,,,,,,,,,,,,,,,,,,
LEONARDS_POINT-SE,35076H4SE,Incomplete,2024,,,,,,,,,,,,,,,,,,,,,,,,,,,
LEXINGTON_EAST-SE,35080G2SE,Incomplete,2023,,,,,,,,,,,,,,,,,,,,,,,,,,,
LAKE_BURLINGTON-SE,36079B4SE,Incomplete,2024,,,,,,,,,,,,,,,,,,,,,,,,,,,
KURE_BEACH-CW,33077H8CW,Incomplete,2023,,,,,,,,,,,,,,,,,,,,,,,,,,,
LAKE_WACCAMAW_WEST-SE,34078C5SE,Incomplete,2023,,,,,,,,,,,,,,,,,,,,,,,,,,,
LAUREL_SPRINGS-SE,36081D3SE,Incomplete,2023,,,,,,,,,,,,,,,,,,,,,,,,,,,
LAKE_TOXAWAY-SE,35082B8SE,Incomplete,2023,,,,,,,,,,,,,,,,,,,,,,,,,,,
LANDRUM-NW,35082B2NW,Incomplete,2023,,,,,,,,,,,,,,,,,,,,,,,,,,,
LAMBSBURG-SE,36080E7SE,Incomplete,2025,,,,,,,,,,,,,,,,,,,,,,,,,,,
KINGS_MOUNTAIN-CW,35081B3CW,Incomplete,2023,,,,,,,,,,,,,,,,,,,,,,,,,,,
KNIGHTDALE-SE,35078G4SE,Complete,2023,,,,,,,,,,,,,,,,,,,,,,,,,,,
LEICESTER-SE,35082F6SE,Complete,2024,,,,,,,,,,,,,,,,,,,,,,,,,,,
LAKE_DRUMMOND_SE-SE,36076E3SE,Incomplete,2025,,,,,,,,,,,,,,,,,,,,,,,,,,,
KNOTTS_ISLAND-SE,36075E8SE,Incomplete,2025,,,,,,,,,,,,,,,,,,,,,,,,,,,
LAKE_WACCAMAW_EAST-SE,34078C4SE,Incomplete,2023,,,,,,,,,,,,,,,,,,,,,,,,,,,
LAKE_DRUMMOND-SE,36076E4SE,Incomplete,2025,,,,,,,,,,,,,,,,,,,,,,,,,,,
LENOIR-SE,35081H5SE,Incomplete,2024,,,,,,,,,,,,,,,,,,,,,,,,,,,
LINVILLE_FALLS-SE,35081H8SE,Incomplete,2024,,,,,,,,,,,,,,,,,,,,,,,,,,,
LINCOLNTON_EAST-SE,35081D2SE,Incomplete,2023,,,,,,,,,,,,,,,,,,,,,,,,,,,
LUFTEE_KNOB-SE,35083F2SE,Incomplete,2024,,,,,,,,,,,,,,,,,,,,,,,,,,,
LOWLAND-SE,35076C5SE,Complete,2023,,,,,,,,,,,,,,,,,,,,,,,,,,,
LONG_BAY-SE,34076H4SE,Incomplete,2023,,,,,,,,,,,,,,,,,,,,,,,,,,,
LILESVILLE-SE,34079H8SE,Incomplete,2024,,,,,,,,,,,,,,,,,,,,,,,,,,,
LITTLE_SWITZERLAND-SE,35082G1SE,Incomplete,2025,,,,,,,,,,,,,,,,,,,,,,,,,,,
LEMON_GAP-SE,35082G8SE,Incomplete,2024,,,,,,,,,,,,,,,,,,,,,,,,,,,
LEWIS_SWAMP-SE,34078B2SE,Incomplete,2023,,,,,,,,,,,,,,,,,,,,,,,,,,,
LEXINGTON_WEST-SE,35080G3SE,Complete,2023,,,,,,,,,,,,,,,,,,,,,,,,,,,
LOWESVILLE-SE,35081D1SE,Incomplete,2023,,,,,,,,,,,,,,,,,,,,,,,,,,,
LONG_SHOAL_POINT_OE_E-NW,35075E6NW,Incomplete,2024,,,,,,,,,,,,,,,,,,,,,,,,,,,
LOUISBURG-SE,36078A3SE,Complete,2024,,,,,,,,,,,,,,,,,,,,,,,,,,,
LITTLE_FISHING_POINT-SE,35076B4SE,Incomplete,0,,,,,,,,,,,,,,,,,,,,,,,,,,,
LONGVIEW-SE,35081F4SE,Incomplete,2023,,,,,,,,,,,,,,,,,,,,,,,,,,,
LILLINGTON-SE,35078D7SE,Incomplete,2025,,,,,,,,,,,,,,,,,,,,,,,,,,,
LIBERTY-SE,35079G5SE,Incomplete,2025,,,,,,,,,,,,,,,,,,,,,,,,,,,
LINCOLNTON_WEST-SE,35081D3SE,Incomplete,2023,,,,,,,,,,,,,,,,,,,,,,,,,,,
GULL ISLAND-SE,35075D5SE,Incomplete,2024,,,,,,,,,,,,,,,,,,,,,,,,,,,
LOCKWOODS_FOLLY-CW,33078H2CW,Incomplete,2023,,,,,,,,,,,,,,,,,,,,,,,,,,,
DAWSON_CROSSROADS-SE,36077B5SE,Incomplete,2025,,,,,,,,,,,,,,,,,,,,,,,,,,,
LOCUST-SE,35080C4SE,Incomplete,2023,,,,,,,,,,,,,,,,,,,,,,,,,,,
LONE_HICKORY-SE,36080A6SE,Incomplete,2024,,,,,,,,,,,,,,,,,,,,,,,,,,,
MANGUM-SE,35079A8SE,Incomplete,2024,,,,,,,,,,,,,,,,,,,,,,,,,,,
MAPLE_SPRINGS-SE,36081B4SE,Incomplete,2023,,,,,,,,,,,,,,,,,,,,,,,,,,,
MANNS_HARBOR-SE,35075H7SE,Incomplete,2024,,,,,,,,,,,,,,,,,,,,,,,,,,,
MANSFIELD-CW,34076F7CW,Complete,2023,,,,,,,,,,,,,,,,,,,,,,,,,,,
MAMERS-SE,35078D8SE,Incomplete,2025,,,,,,,,,,,,,,,,,,,,,,,,,,,
LOVEJOY-SE,35079D8SE,Incomplete,2023,,,,,,,,,,,,,,,,,,,,,,,,,,,
LONGS-NE,33078H6NE,Incomplete,2023,,,,,,,,,,,,,,,,,,,,,,,,,,,
MACON-SE,36078D1SE,Incomplete,2024,,,,,,,,,,,,,,,,,,,,,,,,,,,
MARION_WEST-SE,35082F1SE,Incomplete,2025,,,,,,,,,,,,,,,,,,,,,,,,,,,
MARBLE-SE,35083B8SE,Incomplete,2025,,,,,,,,,,,,,,,,,,,,,,,,,,,
LOBELIA-SE,35079B2SE,Incomplete,2025,,,,,,,,,,,,,,,,,,,,,,,,,,,
LUCAMA-SE,35078F1SE,Incomplete,2024,,,,,,,,,,,,,,,,,,,,,,,,,,,
LONG_SHOAL_POINT-NW,35075E7NW,Incomplete,2024,,,,,,,,,,,,,,,,,,,,,,,,,,,
MATTHEWS-SE,35080A6SE,Incomplete,2024,,,,,,,,,,,,,,,,,,,,,,,,,,,
MAPLE_HILL_SW-SE,34077E6SE,Incomplete,2025,,,,,,,,,,,,,,,,,,,,,,,,,,,
LYMAN-SE,34077G6SE,Incomplete,2025,,,,,,,,,,,,,,,,,,,,,,,,,,,
MAXTON-SE,34079F3SE,Incomplete,2023,,,,,,,,,,,,,,,,,,,,,,,,,,,
LITTLETON-SE,36077D8SE,Incomplete,2025,,,,,,,,,,,,,,,,,,,,,,,,,,,
MASONTOWN-SE,34076G8SE,Incomplete,2023,,,,,,,,,,,,,,,,,,,,,,,,,,,
MAYODAN-SE,36079D8SE,Incomplete,2024,,,,,,,,,,,,,,,,,,,,,,,,,,,
MAIDEN-SE,35081E2SE,Incomplete,2023,,,,,,,,,,,,,,,,,,,,,,,,,,,
LYNCHS_CORNER-SE,36076D4SE,Incomplete,2025,,,,,,,,,,,,,,,,,,,,,,,,,,,
MONCURE-SE,35079E1SE,Incomplete,2025,,,,,,,,,,,,,,,,,,,,,,,,,,,
MANCHESTER-SE,35078B8SE,Complete,2025,,,,,,,,,,,,,,,,,,,,,,,,,,,
MARION_EAST-SE,35081F8SE,Incomplete,2025,,,,,,,,,,,,,,,,,,,,,,,,,,,
MARS_HILL-SE,35082G5SE,Incomplete,2024,,,,,,,,,,,,,,,,,,,,,,,,,,,
MARSHALL-SE,35082G6SE,Complete,2024,,,,,,,,,,,,,,,,,,,,,,,,,,,
MCCAIN-SE,35079A3SE,Incomplete,2025,,,,,,,,,,,,,,,,,,,,,,,,,,,
MAYSVILLE-SE,34077H2SE,Complete,2025,,,,,,,,,,,,,,,,,,,,,,,,,,,
MCGRADY-SE,36081C2SE,Incomplete,2023,,,,,,,,,,,,,,,,,,,,,,,,,,,
MCLEANSVILLE-SE,36079A6SE,Incomplete,2025,,,,,,,,,,,,,,,,,,,,,,,,,,,
MERRY_OAKS-SE,35079F1SE,Incomplete,2025,,,,,,,,,,,,,,,,,,,,,,,,,,,
MARSTON-SE,34079H5SE,Incomplete,2025,,,,,,,,,,,,,,,,,,,,,,,,,,,
MARTIN_POINT-SW,36075B6SW,Complete,2024,,,,,,,,,,,,,,,,,,,,,,,,,,,
MAPLE_HILL-SE,34077F6SE,Incomplete,2025,,,,,,,,,,,,,,,,,,,,,,,,,,,
MANTEO-SE,35075H6SE,Incomplete,2024,,,,,,,,,,,,,,,,,,,,,,,,,,,
MCCOLL-NE,34079F5NE,Incomplete,2025,,,,,,,,,,,,,,,,,,,,,,,,,,,
MCDONALD-SE,34079E2SE,Incomplete,2023,,,,,,,,,,,,,,,,,,,,,,,,,,,
MERCHANTS_MILLPOND-SE,36076D6SE,Incomplete,2025,,,,,,,,,,,,,,,,,,,,,,,,,,,
MICAVILLE-SE,35082H2SE,Incomplete,2025,,,,,,,,,,,,,,,,,,,,,,,,,,,
MCDANIEL_BALD-SE,35084B1SE,Incomplete,2025,,,,,,,,,,,,,,,,,,,,,,,,,,,
MEBANE-SE,36079A3SE,Incomplete,2024,,,,,,,,,,,,,,,,,,,,,,,,,,,
MERRY_HILL-SE,36076A7SE,Incomplete,2023,,,,,,,,,,,,,,,,,,,,,,,,,,,
MIDDLESEX-SE,35078G2SE,Complete,2024,,,,,,,,,,,,,,,,,,,,,,,,,,,
MIDDLETOWN_OE_S-NW,35076C1NW,Incomplete,2024,,,,,,,,,,,,,,,,,,,,,,,,,,,
MONTREAT-SE,35082F3SE,Incomplete,2025,,,,,,,,,,,,,,,,,,,,,,,,,,,
MOORESVILLE-SE,35080E7SE,Incomplete,2024,,,,,,,,,,,,,,,,,,,,,,,,,,,
MIDDLETOWN-CW,35076D1CW,Incomplete,2024,,,,,,,,,,,,,,,,,,,,,,,,,,,
MIDDLETOWN_ANCHORAGE-SE,35075D8SE,Incomplete,0,,,,,,,,,,,,,,,,,,,,,,,,,,,
SANFORD-SE,35079D2SE,Incomplete,2025,,,,,,,,,,,,,,,,,,,,,,,,,,,
MORAVIAN_FALLS-SE,36081A2SE,Incomplete,2024,,,,,,,,,,,,,,,,,,,,,,,,,,,
MINTONSVILLE-SE,36076C6SE,Incomplete,2023,,,,,,,,,,,,,,,,,,,,,,,,,,,
MORGANTON_NORTH-SE,35081G6SE,Incomplete,2024,,,,,,,,,,,,,,,,,,,,,,,,,,,
MERRIMON-SE,34076H6SE,Incomplete,2023,,,,,,,,,,,,,,,,,,,,,,,,,,,
RED_OAK-SE,36077A8SE,Incomplete,2024,,,,,,,,,,,,,,,,,,,,,,,,,,,
MILL_SPRING-SE,35082C2SE,Incomplete,2023,,,,,,,,,,,,,,,,,,,,,,,,,,,
MIDWAY-SE,35080H2SE,Incomplete,2023,,,,,,,,,,,,,,,,,,,,,,,,,,,
MILLSTONE_LAKE-SE,35079A6SE,Complete,2024,,,,,,,,,,,,,,,,,,,,,,,,,,,
MIDDLEBURG-SE,36078D3SE,Incomplete,2024,,,,,,,,,,,,,,,,,,,,,,,,,,,
MOCKSVILLE-SE,35080H5SE,Incomplete,2024,,,,,,,,,,,,,,,,,,,,,,,,,,,
MILLERSVILLE-SE,35081G2SE,Incomplete,2023,,,,,,,,,,,,,,,,,,,,,,,,,,,
MOFFITT_HILL-SE,35082E2SE,Incomplete,2024,,,,,,,,,,,,,,,,,,,,,,,,,,,
MINT_HILL-SE,35080B6SE,Incomplete,2025,,,,,,,,,,,,,,,,,,,,,,,,,,,
MORVEN_EAST-NW,34079G8NW,Incomplete,2024,,,,,,,,,,,,,,,,,,,,,,,,,,,
MOUTH_OF_WILSON-SE,36081E3SE,Incomplete,2025,,,,,,,,,,,,,,,,,,,,,,,,,,,
MURFREESBORO-SE,36077D1SE,Incomplete,2023,,,,,,,,,,,,,,,,,,,,,,,,,,,
MOORETOWN-SE,34077D7SE,Incomplete,2025,,,,,,,,,,,,,,,,,,,,,,,,,,,
MORGANTON_SOUTH-SE,35081F6SE,Incomplete,2024,,,,,,,,,,,,,,,,,,,,,,,,,,,
MORIAH-SE,36078C7SE,Incomplete,2023,,,,,,,,,,,,,,,,,,,,,,,,,,,
MOUNT_AIRY_SOUTH-SE,36080D5SE,Incomplete,2025,,,,,,,,,,,,,,,,,,,,,,,,,,,
MOUNT_GUYOT-SE,35083F3SE,Incomplete,2025,,,,,,,,,,,,,,,,,,,,,,,,,,,
MOUNT_GILEAD_EAST-SE,35079B8SE,Incomplete,2024,,,,,,,,,,,,,,,,,,,,,,,,,,,
MORROW_MOUNTAIN-SE,35080C1SE,Incomplete,2023,,,,,,,,,,,,,,,,,,,,,,,,,,,
MOUNT_GILEAD_WEST-SE,35080B1SE,Incomplete,2023,,,,,,,,,,,,,,,,,,,,,,,,,,,
BOONES_CROSSROADS-SE,36077C4SE,Incomplete,2025,,,,,,,,,,,,,,,,,,,,,,,,,,,
MURCHISONTOWN-SE,35079C2SE,Incomplete,2025,,,,,,,,,,,,,,,,,,,,,,,,,,,
NAKINA-SE,34078B6SE,Incomplete,2023,,,,,,,,,,,,,,,,,,,,,,,,,,,
GALATIA-SE,36077D3SE,Incomplete,2025,,,,,,,,,,,,,,,,,,,,,,,,,,,
MOUNT_PLEASANT-SE,35080D4SE,Incomplete,2025,,,,,,,,,,,,,,,,,,,,,,,,,,,
MOYOCK-SE,36076E2SE,Incomplete,2025,,,,,,,,,,,,,,,,,,,,,,,,,,,
NEW_LAKE_NW-SE,35076F4SE,Incomplete,2024,,,,,,,,,,,,,,,,,,,,,,,,,,,
MINGO-SE,35078B5SE,Incomplete,2024,,,,,,,,,,,,,,,,,,,,,,,,,,,
MARGARETTSVILLE-SE,36077E3SE,Incomplete,2025,,,,,,,,,,,,,,,,,,,,,,,,,,,
MIDLAND-SE,35080B5SE,Incomplete,2024,,,,,,,,,,,,,,,,,,,,,,,,,,,
MOSSEY_ISLANDS-SE,36075C7SE,Incomplete,2025,,,,,,,,,,,,,,,,,,,,,,,,,,,
SKIPPERS-SE,36077E5SE,Incomplete,2025,,,,,,,,,,,,,,,,,,,,,,,,,,,
MOUNT_AIRY_NORTH-SE,36080E5SE,Incomplete,2025,,,,,,,,,,,,,,,,,,,,,,,,,,,
MOUNT_MITCHELL-SE,35082G3SE,Incomplete,2025,,,,,,,,,,,,,,,,,,,,,,,,,,,
MOUNTAIN_ISLAND_LAKE-SE,35080C8SE,Incomplete,2025,,,,,,,,,,,,,,,,,,,,,,,,,,,
NEW_BERN-SE,35077A1SE,Complete,2023,,,,,,,,,,,,,,,,,,,,,,,,,,,
NEW_LAKE_SE-SE,35076E3SE,Incomplete,2024,,,,,,,,,,,,,,,,,,,,,,,,,,,
NEWPORT-SE,34076G7SE,Incomplete,2023,,,,,,,,,,,,,,,,,,,,,,,,,,,
NEW_LONDON-SE,35080D2SE,Incomplete,2023,,,,,,,,,,,,,,,,,,,,,,,,,,,
NORFLEET-SE,36077B3SE,Incomplete,2025,,,,,,,,,,,,,,,,,,,,,,,,,,,
NICHOLSON_CREEK-SE,35079A2SE,Incomplete,2025,,,,,,,,,,,,,,,,,,,,,,,,,,,
MURPHY-SE,35084A1SE,Incomplete,2025,,,,,,,,,,,,,,,,,,,,,,,,,,,
NASHVILLE-SE,35077H8SE,Incomplete,2024,,,,,,,,,,,,,,,,,,,,,,,,,,,
MOUNT_HOLLY-SE,35081C1SE,Incomplete,2023,,,,,,,,,,,,,,,,,,,,,,,,,,,
NETTLERIDGE-SE,36080E2SE,Incomplete,2025,,,,,,,,,,,,,,,,,,,,,,,,,,,
MOUNT_OLIVE-SE,35078B1SE,Incomplete,2025,,,,,,,,,,,,,,,,,,,,,,,,,,,
NEW_LAKE-SE,35076F3SE,Incomplete,2024,,,,,,,,,,,,,,,,,,,,,,,,,,,
NEWLAND-SE,36081A8SE,Incomplete,2025,,,,,,,,,,,,,,,,,,,,,,,,,,,
NEW_HOLLAND-SE,35076D2SE,Incomplete,2024,,,,,,,,,,,,,,,,,,,,,,,,,,,
NEWTON_GROVE_SOUTH-SE,35078B3SE,Incomplete,2024,,,,,,,,,,,,,,,,,,,,,,,,,,,
NIXONTON-SE,36076B3SE,Incomplete,2025,,,,,,,,,,,,,,,,,,,,,,,,,,,
NEWTON-SE,35081F2SE,Incomplete,2023,,,,,,,,,,,,,,,,,,,,,,,,,,,
NIAGARA-SE,35079B3SE,Incomplete,2025,,,,,,,,,,,,,,,,,,,,,,,,,,,
NORMAN-SE,35079B6SE,Incomplete,2024,,,,,,,,,,,,,,,,,,,,,,,,,,,
NEW_HILL-SE,35078F8SE,Incomplete,2023,,,,,,,,,,,,,,,,,,,,,,,,,,,
NOLAND_CREEK-SE,35083D5SE,Incomplete,2025,,,,,,,,,,,,,,,,,,,,,,,,,,,
NORTH_BAY-SE,35076A3SE,Incomplete,2023,,,,,,,,,,,,,,,,,,,,,,,,,,,
OAK_HILL-SE,35081G7SE,Incomplete,2024,,,,,,,,,,,,,,,,,,,,,,,,,,,
OAK_CITY-SE,35077H3SE,Incomplete,2023,,,,,,,,,,,,,,,,,,,,,,,,,,,
OLIVE_HILL-SE,36079D1SE,Incomplete,2023,,,,,,,,,,,,,,,,,,,,,,,,,,,
NORTHEAST_DURHAM-SE,36078A7SE,Complete,2023,,,,,,,,,,,,,,,,,,,,,,,,,,,
OLD_FORD-SE,35077F1SE,Incomplete,2024,,,,,,,,,,,,,,,,,,,,,,,,,,,
OLD_FORT-SE,35082F2SE,Complete,2025,,,,,,,,,,,,,,,,,,,,,,,,,,,
OLIVIA-SE,35079C1SE,Incomplete,2025,,,,,,,,,,,,,,,,,,,,,,,,,,,
OTEEN-SE,35082E4SE,Complete,2024,,,,,,,,,,,,,,,,,,,,,,,,,,,
NORTHEAST_LUMBERTON-SE,34078F8SE,Incomplete,2023,,,,,,,,,,,,,,,,,,,,,,,,,,,
NEW_RIVER_INLET-CW,34077E3CW,Incomplete,2025,,,,,,,,,,,,,,,,,,,,,,,,,,,
NEWTON_GROVE_NORTH-SE,35078C3SE,Incomplete,2023,,,,,,,,,,,,,,,,,,,,,,,,,,,
ELEAZER-SE,35079E8SE,Incomplete,2025,,,,,,,,,,,,,,,,,,,,,,,,,,,
NORTHWEST_LUMBERTON-SE,34079F1SE,Incomplete,2023,,,,,,,,,,,,,,,,,,,,,,,,,,,
NORTHWEST_DURHAM-SE,36078A8SE,Complete,2023,,,,,,,,,,,,,,,,,,,,,,,,,,,
NORTHWEST_GOLDSBORO-SE,35078D1SE,Incomplete,2023,,,,,,,,,,,,,,,,,,,,,,,,,,,
OUTER_RODANTHE_OE_W-CW,35075E4CW,Complete,2024,,,,,,,,,,,,,,,,,,,,,,,,,,,
OXFORD-SE,36078C5SE,Complete,2023,,,,,,,,,,,,,,,,,,,,,,,,,,,
ERECT-SE,35079E6SE,Incomplete,2025,,,,,,,,,,,,,,,,,,,,,,,,,,,
OVERHILLS-SE,35079B1SE,Incomplete,2025,,,,,,,,,,,,,,,,,,,,,,,,,,,
PAMLICO_SOUND_2_(ALL_WATER)-SE,35076B2SE,Incomplete,0,,,,,,,,,,,,,,,,,,,,,,,,,,,
PAMLICO_SOUND_1_(ALL_WATER)-SE,35076B3SE,Incomplete,0,,,,,,,,,,,,,,,,,,,,,,,,,,,
PAMLICO_SOUND_7_(ALL_WATER)-SE,35075D6SE,Incomplete,0,,,,,,,,,,,,,,,,,,,,,,,,,,,
PEA_ISLAND_OE_W-NE,35075F5NE,Complete,2024,,,,,,,,,,,,,,,,,,,,,,,,,,,
OUTER_PEA_ISLAND_OE_W-CW,35075F4CW,Complete,2024,,,,,,,,,,,,,,,,,,,,,,,,,,,
OREGON_INLET-SE,35075G5SE,Incomplete,2024,,,,,,,,,,,,,,,,,,,,,,,,,,,
OSSIPEE-SE,36079B5SE,Complete,2024,,,,,,,,,,,,,,,,,,,,,,,,,,,
PARK_SPRING-SE,36079D4SE,Incomplete,2024,,,,,,,,,,,,,,,,,,,,,,,,,,,
PAMLICO_BEACH-SE,35076D5SE,Incomplete,2024,,,,,,,,,,,,,,,,,,,,,,,,,,,
PAMLICO_SOUND_5_(ALL_WATER)-SE,35075C7SE,Incomplete,0,,,,,,,,,,,,,,,,,,,,,,,,,,,
PALMYRA-SE,36077A3SE,Incomplete,2023,,,,,,,,,,,,,,,,,,,,,,,,,,,
PINETOPS-SE,35077G6SE,Incomplete,2025,,,,,,,,,,,,,,,,,,,,,,,,,,,
PITTSBORO-SE,35079F2SE,Incomplete,2025,,,,,,,,,,,,,,,,,,,,,,,,,,,
PLYMOUTH_WEST-SE,35076G7SE,Incomplete,2024,,,,,,,,,,,,,,,,,,,,,,,,,,,
PEACHTREE-SE,35083A8SE,Incomplete,2025,,,,,,,,,,,,,,,,,,,,,,,,,,,
PINK_HILL-SE,35077A6SE,Incomplete,2025,,,,,,,,,,,,,,,,,,,,,,,,,,,
OLD_SPARTA-SE,35077G5SE,Incomplete,2025,,,,,,,,,,,,,,,,,,,,,,,,,,,
NORTHEAST_EDEN-SE,36079E6SE,Incomplete,2024,,,,,,,,,,,,,,,,,,,,,,,,,,,
PAMLICO_SOUND_4_(ALL_WATER)-SE,35075C8SE,Incomplete,0,,,,,,,,,,,,,,,,,,,,,,,,,,,
PANTEGO-SE,35076E6SE,Incomplete,2024,,,,,,,,,,,,,,,,,,,,,,,,,,,
PARKTON-SE,34079H1SE,Incomplete,2023,,,,,,,,,,,,,,,,,,,,,,,,,,,
PAMLICO_SOUND_3_(ALL_WATER)-SE,35076B1SE,Incomplete,2024,,,,,,,,,,,,,,,,,,,,,,,,,,,
PARK-SE,36081E5SE,Incomplete,2023,,,,,,,,,,,,,,,,,,,,,,,,,,,
PAMLICO_POINT-SW,35076C4SW,Incomplete,2023,,,,,,,,,,,,,,,,,,,,,,,,,,,
PASQUOTANK-SE,36076C3SE,Incomplete,2025,,,,,,,,,,,,,,,,,,,,,,,,,,,
PEA_RIDGE-SE,35082C1SE,Incomplete,2023,,,,,,,,,,,,,,,,,,,,,,,,,,,
PERSIMMON_CREEK-SE,35084A2SE,Incomplete,2025,,,,,,,,,,,,,,,,,,,,,,,,,,,
PLYMOUTH_EAST-SE,35076G6SE,Incomplete,2024,,,,,,,,,,,,,,,,,,,,,,,,,,,
POLKVILLE-SE,35081D6SE,Incomplete,2023,,,,,,,,,,,,,,,,,,,,,,,,,,,
GRAYS_CHAPEL-SE,35079G6SE,Incomplete,2025,,,,,,,,,,,,,,,,,,,,,,,,,,,
NORTHWEST_EDEN-SE,36079E7SE,Incomplete,2024,,,,,,,,,,,,,,,,,,,,,,,,,,,
OLD_DOCK-SE,34078B5SE,Incomplete,2023,,,,,,,,,,,,,,,,,,,,,,,,,,,
NORTHEAST_GOLDSBORO-SE,35077D8SE,Incomplete,2023,,,,,,,,,,,,,,,,,,,,,,,,,,,
OCRACOKE-NW,35075A8NW,Incomplete,2024,,,,,,,,,,,,,,,,,,,,,,,,,,,
ORIENTAL-CW,35076A6CW,Complete,2023,,,,,,,,,,,,,,,,,,,,,,,,,,,
OUTER_LITTLE_KINNAKEET_OE_W-CW,35075D4CW,Incomplete,2024,,,,,,,,,,,,,,,,,,,,,,,,,,,
OSBORNVILLE-SE,36080A8SE,Incomplete,2024,,,,,,,,,,,,,,,,,,,,,,,,,,,
PAMLICO_SOUND_6_(ALL_WATER)-SE,35075D7SE,Incomplete,0,,,,,,,,,,,,,,,,,,,,,,,,,,,
POINT_CASWELL-SE,34078D2SE,Incomplete,2025,,,,,,,,,,,,,,,,,,,,,,,,,,,
PEMBROKE-SE,34079F2SE,Incomplete,2023,,,,,,,,,,,,,,,,,,,,,,,,,,,
GLENOLA-SE,35079G8SE,Incomplete,2025,,,,,,,,,,,,,,,,,,,,,,,,,,,
PISGAH_FOREST-SE,35082C6SE,Complete,2023,,,,,,,,,,,,,,,,,,,,,,,,,,,
PINEBLUFF-SE,35079A4SE,Incomplete,2025,,,,,,,,,,,,,,,,,,,,,,,,,,,
PILOT_MOUNTAIN-SE,36080D4SE,Incomplete,2025,,,,,,,,,,,,,,,,,,,,,,,,,,,
PLEASANT_GARDEN-SE,35079H7SE,Incomplete,2025,,,,,,,,,,,,,,,,,,,,,,,,,,,
PUTNAM-SE,35079D4SE,Incomplete,2023,,,,,,,,,,,,,,,,,,,,,,,,,,,
QUITSNA-SE,35077H1SE,Incomplete,2023,,,,,,,,,,,,,,,,,,,,,,,,,,,
POWELLSVILLE-SE,36076B8SE,Incomplete,2023,,,,,,,,,,,,,,,,,,,,,,,,,,,
PUNGO_LAKE-SE,35076F5SE,Incomplete,2024,,,,,,,,,,,,,,,,,,,,,,,,,,,
POLLOCKSVILLE-SE,35077A2SE,Complete,2025,,,,,,,,,,,,,,,,,,,,,,,,,,,
POINT_OF_MARSH-SW,35076A4SW,Incomplete,2023,,,,,,,,,,,,,,,,,,,,,,,,,,,
PIKE_ROAD-SE,35076F6SE,Incomplete,2024,,,,,,,,,,,,,,,,,,,,,,,,,,,
POINT_HARBOR-NW,36075A7NW,Incomplete,2025,,,,,,,,,,,,,,,,,,,,,,,,,,,
PINETOWN-SE,35076E7SE,Incomplete,2024,,,,,,,,,,,,,,,,,,,,,,,,,,,
PIREWAY-SE,34078A6SE,Incomplete,2023,,,,,,,,,,,,,,,,,,,,,,,,,,,
PINNACLE-SE,36080C4SE,Incomplete,2025,,,,,,,,,,,,,,,,,,,,,,,,,,,
PRENTISS-SE,35083A4SE,Incomplete,2025,,,,,,,,,,,,,,,,,,,,,,,,,,,
PURLEAR-SE,36081B3SE,Incomplete,2023,,,,,,,,,,,,,,,,,,,,,,,,,,,
RALEIGH_EAST-SE,35078G5SE,Complete,2023,,,,,,,,,,,,,,,,,,,,,,,,,,,
PRINCETON-SE,35078D2SE,Incomplete,2023,,,,,,,,,,,,,,,,,,,,,,,,,,,
POWHATAN-SE,35078E4SE,Incomplete,2023,,,,,,,,,,,,,,,,,,,,,,,,,,,
PEACOCKS_CROSSROADS-SE,35078C4SE,Incomplete,2023,,,,,,,,,,,,,,,,,,,,,,,,,,,
PONZER-SE,35076E4SE,Incomplete,2024,,,,,,,,,,,,,,,,,,,,,,,,,,,
PHILLIPS_CROSSROADS-SE,35077A4SE,Incomplete,2025,,,,,,,,,,,,,,,,,,,,,,,,,,,
PIN_HOOK-SE,34077F7SE,Incomplete,2025,,,,,,,,,,,,,,,,,,,,,,,,,,,
HANDY-SE,35080E1SE,Incomplete,2025,,,,,,,,,,,,,,,,,,,,,,,,,,,
RANDLEMAN-SE,35079G7SE,Incomplete,2025,,,,,,,,,,,,,,,,,,,,,,,,,,,
RALEIGH_WEST-SE,35078G6SE,Complete,2023,,,,,,,,,,,,,,,,,,,,,,,,,,,
RAEFORD-SE,34079H2SE,Incomplete,2025,,,,,,,,,,,,,,,,,,,,,,,,,,,
REID-CW,35082A8CW,Incomplete,2023,,,,,,,,,,,,,,,,,,,,,,,,,,,
REELSBORO-SE,35076B8SE,Complete,2023,,,,,,,,,,,,,,,,,,,,,,,,,,,
RENNERT-SE,34079G1SE,Incomplete,2023,,,,,,,,,,,,,,,,,,,,,,,,,,,
REPUBLICAN-SE,36077A1SE,Incomplete,2023,,,,,,,,,,,,,,,,,,,,,,,,,,,
RAMSEUR-SE,35079F6SE,Incomplete,2025,,,,,,,,,,,,,,,,,,,,,,,,,,,
RAINBOW_SPRINGS-SE,35083A5SE,Incomplete,2025,,,,,,,,,,,,,,,,,,,,,,,,,,,
POTTERS_HILL-SE,34077H6SE,Incomplete,2025,,,,,,,,,,,,,,,,,,,,,,,,,,,
RANSOMVILLE-SE,35076D6SE,Incomplete,2024,,,,,,,,,,,,,,,,,,,,,,,,,,,
PRICE-SE,36079E8SE,Incomplete,2024,,,,,,,,,,,,,,,,,,,,,,,,,,,
SEAGROVE-SE,35079E7SE,Incomplete,2025,,,,,,,,,,,,,,,,,,,,,,,,,,,
PORTSMOUTH-CW,35076A1CW,Incomplete,2023,,,,,,,,,,,,,,,,,,,,,,,,,,,
RED_SPRINGS-SE,34079G2SE,Incomplete,2023,,,,,,,,,,,,,,,,,,,,,,,,,,,
REEPSVILLE-SE,35081E3SE,Incomplete,2023,,,,,,,,,,,,,,,,,,,,,,,,,,,
RICHFIELD-SE,35080D3SE,Incomplete,2023,,,,,,,,,,,,,,,,,,,,,,,,,,,
RICHLANDS-SE,34077H5SE,Incomplete,2025,,,,,,,,,,,,,,,,,,,,,,,,,,,
GHIO-NW,34079G6NW,Incomplete,2024,,,,,,,,,,,,,,,,,,,,,,,,,,,
RIDGEVILLE-SE,36079C2SE,Incomplete,2024,,,,,,,,,,,,,,,,,,,,,,,,,,,
RIVERDALE-SE,36076E8SE,Incomplete,2023,,,,,,,,,,,,,,,,,,,,,,,,,,,
ROANOKE_RAPIDS-SE,36077D6SE,Incomplete,2025,,,,,,,,,,,,,,,,,,,,,,,,,,,
ROBBINS-SE,35079D5SE,Incomplete,2023,,,,,,,,,,,,,,,,,,,,,,,,,,,
ROARING_RIVER-SE,36081B1SE,Incomplete,2023,,,,,,,,,,,,,,,,,,,,,,,,,,,
ROBBINSVILLE-SE,35083C7SE,Incomplete,2025,,,,,,,,,,,,,,,,,,,,,,,,,,,
RODANTHE_OE_W-SE,35075E5SE,Incomplete,2024,,,,,,,,,,,,,,,,,,,,,,,,,,,
ROANOKE_ISLAND_NE-CW,35075H5CW,Incomplete,2024,,,,,,,,,,,,,,,,,,,,,,,,,,,
RIVERMONT-SE,35077B5SE,Complete,2025,,,,,,,,,,,,,,,,,,,,,,,,,,,
ROCKINGHAM-SE,34079H7SE,Incomplete,2024,,,,,,,,,,,,,,,,,,,,,,,,,,,
AYERSVILLE-SE,36080D1SE,Incomplete,2025,,,,,,,,,,,,,,,,,,,,,,,,,,,
ROCKY_MOUNT-SE,35077H7SE,Incomplete,2025,,,,,,,,,,,,,,,,,,,,,,,,,,,
ROSMAN-SE,35082B7SE,Incomplete,2023,,,,,,,,,,,,,,,,,,,,,,,,,,,
ROSE_HILL-SE,34078G1SE,Incomplete,2025,,,,,,,,,,,,,,,,,,,,,,,,,,,
RICH_SQUARE-SE,36077C3SE,Incomplete,2025,,,,,,,,,,,,,,,,,,,,,,,,,,,
RINGWOOD-SE,36077B7SE,Incomplete,2025,,,,,,,,,,,,,,,,,,,,,,,,,,,
ROARING_GAP-SE,36080D8SE,Incomplete,2025,,,,,,,,,,,,,,,,,,,,,,,,,,,
ROBERSONVILLE_WEST-SE,35077G3SE,Incomplete,2024,,,,,,,,,,,,,,,,,,,,,,,,,,,
ROBERSONVILLE_EAST-SE,35077G2SE,Incomplete,2023,,,,,,,,,,,,,,,,,,,,,,,,,,,
ROCKY_POINT-SE,34077D8SE,Incomplete,2025,,,,,,,,,,,,,,,,,,,,,,,,,,,
RONDA-SE,36080B8SE,Incomplete,2023,,,,,,,,,,,,,,,,,,,,,,,,,,,
ROSEBORO-SE,34078H5SE,Incomplete,2024,,,,,,,,,,,,,,,,,,,,,,,,,,,
ROWLAND-SE,34079E3SE,Incomplete,2023,,,,,,,,,,,,,,,,,,,,,,,,,,,
ROWAN_MILLS-SE,35080F5SE,Incomplete,2025,,,,,,,,,,,,,,,,,,,,,,,,,,,
RUFFIN-SE,36079D5SE,Incomplete,2024,,,,,,,,,,,,,,,,,,,,,,,,,,,
RURAL_HALL-SE,36080B3SE,Complete,2025,,,,,,,,,,,,,,,,,,,,,,,,,,,
SALUDA-NW,35082B3NW,Incomplete,2023,,,,,,,,,,,,,,,,,,,,,,,,,,,
SAM_KNOB-SE,35082C8SE,Incomplete,2023,,,,,,,,,,,,,,,,,,,,,,,,,,,
SCALY_MOUNTAIN-SE,35083A3SE,Incomplete,2025,,,,,,,,,,,,,,,,,,,,,,,,,,,
SATTERWHITE-SE,36078D6SE,Incomplete,2023,,,,,,,,,,,,,,,,,,,,,,,,,,,
ROPER_SOUTH-SE,35076G5SE,Incomplete,2024,,,,,,,,,,,,,,,,,,,,,,,,,,,
ROWAN-SE,34078E3SE,Incomplete,2024,,,,,,,,,,,,,,,,,,,,,,,,,,,
ROXBORO-SE,36078D8SE,Incomplete,2023,,,,,,,,,,,,,,,,,,,,,,,,,,,
REIDSVILLE-SE,36079C6SE,Incomplete,2024,,,,,,,,,,,,,,,,,,,,,,,,,,,
RUTHERFORDTON_SOUTH-SE,35081C8SE,Incomplete,2024,,,,,,,,,,,,,,,,,,,,,,,,,,,
SALTER_PATH-CW,34076F8CW,Incomplete,2023,,,,,,,,,,,,,,,,,,,,,,,,,,,
SALEMBURG-SE,35078A5SE,Incomplete,2024,,,,,,,,,,,,,,,,,,,,,,,,,,,
SOUTHEAST_EDEN-SE,36079D6SE,Incomplete,2024,,,,,,,,,,,,,,,,,,,,,,,,,,,
SCOTLAND_NECK-SE,36077B4SE,Incomplete,2025,,,,,,,,,,,,,,,,,,,,,,,,,,,
SCOTTS_HILL-SE,34077C7SE,Incomplete,2024,,,,,,,,,,,,,,,,,,,,,,,,,,,
SARATOGA-SE,35077F7SE,Complete,2024,,,,,,,,,,,,,,,,,,,,,,,,,,,
ROLESVILLE-SE,35078H4SE,Complete,2023,,,,,,,,,,,,,,,,,,,,,,,,,,,
ROPER_NORTH-SE,35076H5SE,Incomplete,2024,,,,,,,,,,,,,,,,,,,,,,,,,,,
ROUGEMONT-SE,36078B8SE,Incomplete,2023,,,,,,,,,,,,,,,,,,,,,,,,,,,
RUTHERFORDTON_NORTH-SE,35081D8SE,Incomplete,2024,,,,,,,,,,,,,,,,,,,,,,,,,,,
SAMS_GAP-SE,35082H5SE,Incomplete,2024,,,,,,,,,,,,,,,,,,,,,,,,,,,
SALISBURY-SE,35080F4SE,Incomplete,2025,,,,,,,,,,,,,,,,,,,,,,,,,,,
SAXAPAHAW-SE,35079H3SE,Complete,2024,,,,,,,,,,,,,,,,,,,,,,,,,,,
CLEVELAND-SE,35080F6SE,Incomplete,2025,,,,,,,,,,,,,,,,,,,,,,,,,,,
SCRANTON-SE,35076D4SE,Incomplete,2024,,,,,,,,,,,,,,,,,,,,,,,,,,,
SHELBY-SE,35081C5SE,Incomplete,2023,,,,,,,,,,,,,,,,,,,,,,,,,,,
SHALOTTE_OE_S-NW,33078G4NW,Incomplete,2023,,,,,,,,,,,,,,,,,,,,,,,,,,,
SHOOTING_CREEK-SE,35083A6SE,Incomplete,2025,,,,,,,,,,,,,,,,,,,,,,,,,,,
SELMA-SE,35078E3SE,Incomplete,2023,,,,,,,,,,,,,,,,,,,,,,,,,,,
SHALLOTTE-SE,33078H4SE,Complete,2023,,,,,,,,,,,,,,,,,,,,,,,,,,,
SAINT_PAULS-SE,34078G8SE,Incomplete,2023,,,,,,,,,,,,,,,,,,,,,,,,,,,
SANDYMUSH-SE,35082F7SE,Incomplete,2024,,,,,,,,,,,,,,,,,,,,,,,,,,,
SANTEETLAH_CREEK-SE,35083C8SE,Incomplete,2025,,,,,,,,,,,,,,,,,,,,,,,,,,,
SCOTIA-SE,35076G2SE,Incomplete,2024,,,,,,,,,,,,,,,,,,,,,,,,,,,
SHILOH-SE,36076C1SE,Incomplete,2025,,,,,,,,,,,,,,,,,,,,,,,,,,,
SHEPHERDS-SE,35080F7SE,Incomplete,2024,,,,,,,,,,,,,,,,,,,,,,,,,,,
SHINING_ROCK-SE,35082C7SE,Incomplete,2023,,,,,,,,,,,,,,,,,,,,,,,,,,,
SHINGLE_HOLLOW-SE,35082D1SE,Incomplete,2024,,,,,,,,,,,,,,,,,,,,,,,,,,,
COOL_SPRINGS-SE,35080G6SE,Incomplete,2025,,,,,,,,,,,,,,,,,,,,,,,,,,,
SKYLAND-SE,35082D5SE,Complete,2023,,,,,,,,,,,,,,,,,,,,,,,,,,,
SOUTHERN_PINES-SE,35079B4SE,Incomplete,2023,,,,,,,,,,,,,,,,,,,,,,,,,,,
SEVEN_SPRINGS-SE,35077B7SE,Incomplete,2025,,,,,,,,,,,,,,,,,,,,,,,,,,,
SHERWOOD-SE,36081C7SE,Complete,2023,,,,,,,,,,,,,,,,,,,,,,,,,,,
GOLD_HILL-SE,35080E3SE,Incomplete,2025,,,,,,,,,,,,,,,,,,,,,,,,,,,
ROCKWELL-SE,35080E4SE,Incomplete,2025,,,,,,,,,,,,,,,,,,,,,,,,,,,
SPICER_BAY-NW,34077D4NW,Incomplete,2025,,,,,,,,,,,,,,,,,,,,,,,,,,,
SPIES-SE,35079D6SE,Incomplete,2023,,,,,,,,,,,,,,,,,,,,,,,,,,,
SPRUCE_PINE-SE,35082H1SE,Incomplete,2025,,,,,,,,,,,,,,,,,,,,,,,,,,,
MONROE-SE,34080H5SE,Incomplete,2024,,,,,,,,,,,,,,,,,,,,,,,,,,,
SOUTH_MILLS-SE,36076D3SE,Incomplete,2025,,,,,,,,,,,,,,,,,,,,,,,,,,,
SNOW_HILL-SE,35077D6SE,Incomplete,2024,,,,,,,,,,,,,,,,,,,,,,,,,,,
SILERS_BALD-SE,35083E5SE,Incomplete,2025,,,,,,,,,,,,,,,,,,,,,,,,,,,
SILOAM-SE,36080C5SE,Incomplete,2025,,,,,,,,,,,,,,,,,,,,,,,,,,,
PAGELAND-NW,34080G4NW,Incomplete,2024,,,,,,,,,,,,,,,,,,,,,,,,,,,
SILVER_HILL-SE,34079H4SE,Incomplete,2025,,,,,,,,,,,,,,,,,,,,,,,,,,,
SNOW_CAMP-SE,35079H4SE,Incomplete,2024,,,,,,,,,,,,,,,,,,,,,,,,,,,
SLOCOMB-SE,35078B7SE,Complete,2025,,,,,,,,,,,,,,,,,,,,,,,,,,,
SOUTHEAST_GOLDSBORO-SE,35077C8SE,Incomplete,2023,,,,,,,,,,,,,,,,,,,,,,,,,,,
SMOKEMONT-SE,35083E3SE,Incomplete,2025,,,,,,,,,,,,,,,,,,,,,,,,,,,
SOUTHEAST_DURHAM-SE,35078H7SE,Complete,2023,,,,,,,,,,,,,,,,,,,,,,,,,,,
SOUTHWEST_EDEN-SE,36079D7SE,Incomplete,2024,,,,,,,,,,,,,,,,,,,,,,,,,,,
STAG_PARK-SE,34077E7SE,Incomplete,2025,,,,,,,,,,,,,,,,,,,,,,,,,,,
STANDINGSTONE_MOUNTAIN-CW,35082B5CW,Complete,2023,,,,,,,,,,,,,,,,,,,,,,,,,,,
SNEADS_FERRY-SE,34077E4SE,Complete,2025,,,,,,,,,,,,,,,,,,,,,,,,,,,
SOUTH_HILL_SE-SE,36078E1SE,Incomplete,2024,,,,,,,,,,,,,,,,,,,,,,,,,,,
SINGLETARY_LAKE-SE,34078E4SE,Incomplete,2024,,,,,,,,,,,,,,,,,,,,,,,,,,,
SOUTH_RIVER-SE,34076H5SE,Incomplete,2023,,,,,,,,,,,,,,,,,,,,,,,,,,,
SOUTHWEST_GOLDSBORO-SE,35078C1SE,Incomplete,2023,,,,,,,,,,,,,,,,,,,,,,,,,,,
SOUTHWEST_LUMBERTON-SE,34079E1SE,Incomplete,2023,,,,,,,,,,,,,,,,,,,,,,,,,,,
SPARTA_EAST-SE,36081E1SE,Complete,2025,,,,,,,,,,,,,,,,,,,,,,,,,,,
SPENCER-SE,36080E1SE,Incomplete,2025,,,,,,,,,,,,,,,,,,,,,,,,,,,
SPRING_CREEK-SE,35082G7SE,Incomplete,2024,,,,,,,,,,,,,,,,,,,,,,,,,,,
SPRING_HOPE-SE,35078H1SE,Complete,2024,,,,,,,,,,,,,,,,,,,,,,,,,,,
STANFIELD-SE,35080B4SE,Incomplete,2024,,,,,,,,,,,,,,,,,,,,,,,,,,,
SOUTH_CREEK-SE,35076C6SE,Complete,2024,,,,,,,,,,,,,,,,,,,,,,,,,,,
SOUTHEAST_LUMBERTON-SE,34078E8SE,Incomplete,2023,,,,,,,,,,,,,,,,,,,,,,,,,,,
SOUTHPORT-SE,33078H1SE,Incomplete,2023,,,,,,,,,,,,,,,,,,,,,,,,,,,
SOUTHWEST_DURHAM-SE,35078H8SE,Complete,2023,,,,,,,,,,,,,,,,,,,,,,,,,,,
SPARTA_WEST-SE,36081E2SE,Incomplete,2025,,,,,,,,,,,,,,,,,,,,,,,,,,,
SPEED-SE,35077H4SE,Incomplete,2025,,,,,,,,,,,,,,,,,,,,,,,,,,,
SOUTHMONT-SE,35080F3SE,Incomplete,2023,,,,,,,,,,,,,,,,,,,,,,,,,,,
STANCILS_CHAPEL-SE,35078F2SE,Complete,2023,,,,,,,,,,,,,,,,,,,,,,,,,,,
STATESVILLE_WEST-SE,35080G8SE,Incomplete,2024,,,,,,,,,,,,,,,,,,,,,,,,,,,
STANTONSBURG-SE,35077E7SE,Incomplete,2024,,,,,,,,,,,,,,,,,,,,,,,,,,,
STATESVILLE_EAST-SE,35080G7SE,Incomplete,2024,,,,,,,,,,,,,,,,,,,,,,,,,,,
STUART_SE-SE,36080E3SE,Incomplete,2025,,,,,,,,,,,,,,,,,,,,,,,,,,,
STEDMAN-SE,35078A6SE,Incomplete,2025,,,,,,,,,,,,,,,,,,,,,,,,,,,
SYLVA_SOUTH-SE,35083C2SE,Incomplete,2024,,,,,,,,,,,,,,,,,,,,,,,,,,,
TABOR_CITY_WEST-CE,34078B8CE,Incomplete,2023,,,,,,,,,,,,,,,,,,,,,,,,,,,
TARBORO-SE,35077H5SE,Incomplete,2025,,,,,,,,,,,,,,,,,,,,,,,,,,,
TAPOCO-SE,35083D8SE,Incomplete,2025,,,,,,,,,,,,,,,,,,,,,,,,,,,
SYLVA_NORTH-SE,35083D2SE,Incomplete,2024,,,,,,,,,,,,,,,,,,,,,,,,,,,
TIMBERLAKE-SE,36078C8SE,Incomplete,2023,,,,,,,,,,,,,,,,,,,,,,,,,,,
TROY-SE,35079C8SE,Incomplete,2023,,,,,,,,,,,,,,,,,,,,,,,,,,,
STAR-SE,35079D7SE,Incomplete,2023,,,,,,,,,,,,,,,,,,,,,,,,,,,
TOPSAIL-SE,34077D6SE,Incomplete,2025,,,,,,,,,,,,,,,,,,,,,,,,,,,
SUPPLY-SE,34078A3SE,Incomplete,2023,,,,,,,,,,,,,,,,,,,,,,,,,,,
TRADESVILLE-NW,34080G5NW,Incomplete,2024,,,,,,,,,,,,,,,,,,,,,,,,,,,
TAYLORSVILLE-SE,35081H2SE,Incomplete,2024,,,,,,,,,,,,,,,,,,,,,,,,,,,
THUNDERHEAD_MOUNTAIN-SE,35083E6SE,Incomplete,2025,,,,,,,,,,,,,,,,,,,,,,,,,,,
STEM-SE,36078B6SE,Complete,2023,,,,,,,,,,,,,,,,,,,,,,,,,,,
TRENTON-SE,35077A3SE,Complete,2025,,,,,,,,,,,,,,,,,,,,,,,,,,,
TUNGSTEN-SE,36078E4SE,Incomplete,2023,,,,,,,,,,,,,,,,,,,,,,,,,,,
TRIPLE_SPRINGS-SE,36078D7SE,Incomplete,2023,,,,,,,,,,,,,,,,,,,,,,,,,,,
TROUTMAN-SE,35080F8SE,Incomplete,2024,,,,,,,,,,,,,,,,,,,,,,,,,,,
TUSKEEGEE-SE,35083D6SE,Incomplete,2025,,,,,,,,,,,,,,,,,,,,,,,,,,,
VALHALLA-SE,36076B6SE,Complete,2023,,,,,,,,,,,,,,,,,,,,,,,,,,,
STELLA-SE,34077G2SE,Incomplete,2025,,,,,,,,,,,,,,,,,,,,,,,,,,,
SWANSBORO-SE,34077F1SE,Incomplete,2023,,,,,,,,,,,,,,,,,,,,,,,,,,,
SUNBURY-SE,36076D5SE,Incomplete,2025,,,,,,,,,,,,,,,,,,,,,,,,,,,
TOWNSVILLE-SE,36078D4SE,Incomplete,2023,,,,,,,,,,,,,,,,,,,,,,,,,,,
SUMMERLINS_CROSSROADS-SE,35077A8SE,Incomplete,2025,,,,,,,,,,,,,,,,,,,,,,,,,,,
SUMMERFIELD-SE,36079B8SE,Incomplete,2025,,,,,,,,,,,,,,,,,,,,,,,,,,,
SUNSHINE-SE,35081D7SE,Incomplete,2024,,,,,,,,,,,,,,,,,,,,,,,,,,,
SUNBEAM-SE,36077E1SE,Incomplete,2023,,,,,,,,,,,,,,,,,,,,,,,,,,,
TOMAHAWK-SE,34078F3SE,Incomplete,2024,,,,,,,,,,,,,,,,,,,,,,,,,,,
TUCKASEGEE-SE,35083C1SE,Complete,2024,,,,,,,,,,,,,,,,,,,,,,,,,,,
VALDESE-SE,35081F5SE,Incomplete,2024,,,,,,,,,,,,,,,,,,,,,,,,,,,
UNITY-NW,34080G6NW,Incomplete,2024,,,,,,,,,,,,,,,,,,,,,,,,,,,
UNION-SE,36077C1SE,Incomplete,2023,,,,,,,,,,,,,,,,,,,,,,,,,,,
UPPER_BROAD_CREEK-SE,35076A8SE,Complete,2023,,,,,,,,,,,,,,,,,,,,,,,,,,,
TODD-SE,36081C5SE,Complete,2023,,,,,,,,,,,,,,,,,,,,,,,,,,,
THELMA-SE,36077D7SE,Incomplete,2025,,,,,,,,,,,,,,,,,,,,,,,,,,,
THURMOND-SE,36080C8SE,Incomplete,2023,,,,,,,,,,,,,,,,,,,,,,,,,,,
TAR_HEEL-SE,34078F7SE,Incomplete,2024,,,,,,,,,,,,,,,,,,,,,,,,,,,
STUMPY_POINT-CW,35075F6CW,Incomplete,2024,,,,,,,,,,,,,,,,,,,,,,,,,,,
STYRON_BAY-CW,34076G3CW,Incomplete,2023,,,,,,,,,,,,,,,,,,,,,,,,,,,
TIMOTHY-SE,35078B4SE,Incomplete,2024,,,,,,,,,,,,,,,,,,,,,,,,,,,
TURKEY-SE,34078H2SE,Incomplete,2024,,,,,,,,,,,,,,,,,,,,,,,,,,,
UNAKA-SE,35084B2SE,Incomplete,2025,,,,,,,,,,,,,,,,,,,,,,,,,,,
VALENTINES-SE,36077E7SE,Incomplete,2025,,,,,,,,,,,,,,,,,,,,,,,,,,,
VALLE_CRUCIS-SE,36081B7SE,Incomplete,2023,,,,,,,,,,,,,,,,,,,,,,,,,,,
VASS-SE,35079C3SE,Complete,2023,,,,,,,,,,,,,,,,,,,,,,,,,,,
VANCEBORO-SE,35077C2SE,Incomplete,2023,,,,,,,,,,,,,,,,,,,,,,,,,,,
WAINWRIGHT_ISLAND_OE_N-SE,35076A2SE,Incomplete,2023,,,,,,,,,,,,,,,,,,,,,,,,,,,
WAKE_FOREST-SE,35078H5SE,Complete,2023,,,,,,,,,,,,,,,,,,,,,,,,,,,
WACO-SE,35081C4SE,Incomplete,2023,,,,,,,,,,,,,,,,,,,,,,,,,,,
TOPTON-SE,35083B6SE,Incomplete,2025,,,,,,,,,,,,,,,,,,,,,,,,,,,
TABOR_CITY_EAST-SE,34078B7SE,Incomplete,2023,,,,,,,,,,,,,,,,,,,,,,,,,,,
SUGAR_HILL-SE,35082E1SE,Incomplete,2024,,,,,,,,,,,,,,,,,,,,,,,,,,,
STOVALL-SE,36078D5SE,Complete,2023,,,,,,,,,,,,,,,,,,,,,,,,,,,
SWANQUARTER-SE,35076D3SE,Incomplete,2024,,,,,,,,,,,,,,,,,,,,,,,,,,,
TRAPHILL-SE,36081C1SE,Incomplete,2023,,,,,,,,,,,,,,,,,,,,,,,,,,,
STEVENSON_POINT-NW,36076A2NW,Incomplete,2025,,,,,,,,,,,,,,,,,,,,,,,,,,,
STONY_POINT-SE,35081G1SE,Incomplete,2024,,,,,,,,,,,,,,,,,,,,,,,,,,,
WAKULLA-SE,34079G3SE,Incomplete,2023,,,,,,,,,,,,,,,,,,,,,,,,,,,
WADESBORO-SE,34080H1SE,Incomplete,2024,,,,,,,,,,,,,,,,,,,,,,,,,,,
VICKSBORO-SE,36078C3SE,Complete,2024,,,,,,,,,,,,,,,,,,,,,,,,,,,
WAGRAM-SE,34079H3SE,Incomplete,2025,,,,,,,,,,,,,,,,,,,,,,,,,,,
VANDER-SE,35078A7SE,Complete,2025,,,,,,,,,,,,,,,,,,,,,,,,,,,
WADE-SE,35078B6SE,Incomplete,2025,,,,,,,,,,,,,,,,,,,,,,,,,,,
WEAVERVILLE-SE,35082F5SE,Complete,2024,,,,,,,,,,,,,,,,,,,,,,,,,,,
WARRENTON-SE,36078D2SE,Complete,2024,,,,,,,,,,,,,,,,,,,,,,,,,,,
WHITAKERS-SE,36077A6SE,Incomplete,2025,,,,,,,,,,,,,,,,,,,,,,,,,,,
WESTOVER-SE,35076H6SE,Incomplete,2024,,,,,,,,,,,,,,,,,,,,,,,,,,,
VANDEMERE-SE,35076B6SE,Complete,2023,,,,,,,,,,,,,,,,,,,,,,,,,,,
VIRGILINA-SE,o36078E7SE,Complete,2023,,,,,,,,,,,,,,,,,,,,,,,,,,,
WALKERTOWN-SE,36080B2SE,Incomplete,2025,,,,,,,,,,,,,,,,,,,,,,,,,,,
WASHINGTON-SE,35077E1SE,Complete,2024,,,,,,,,,,,,,,,,,,,,,,,,,,,
WAYAH_BALD-SE,35083B5SE,Incomplete,2025,,,,,,,,,,,,,,,,,,,,,,,,,,,
VIENNA-SE,36080B4SE,Incomplete,2025,,,,,,,,,,,,,,,,,,,,,,,,,,,
WADE_POINT-CW,36076B1CW,Incomplete,2025,,,,,,,,,,,,,,,,,,,,,,,,,,,
WHALEYVILLE-SE,36076E6SE,Incomplete,2025,,,,,,,,,,,,,,,,,,,,,,,,,,,
WARRENSVILLE-SE,36081D5SE,Incomplete,2023,,,,,,,,,,,,,,,,,,,,,,,,,,,
WAXHAW-SE,34080H6SE,Incomplete,2024,,,,,,,,,,,,,,,,,,,,,,,,,,,
WALLACE_EAST-SE,34077F8SE,Incomplete,2025,,,,,,,,,,,,,,,,,,,,,,,,,,,
WHITE_CROSS-SE,35079H2SE,Incomplete,2024,,,,,,,,,,,,,,,,,,,,,,,,,,,
WHITE_HILL-SE,35079D3SE,Incomplete,2025,,,,,,,,,,,,,,,,,,,,,,,,,,,
WELDON-SE,36077D5SE,Incomplete,2025,,,,,,,,,,,,,,,,,,,,,,,,,,,
WEST_END-SE,35079B5SE,Incomplete,2023,,,,,,,,,,,,,,,,,,,,,,,,,,,
WALSTONBURG-SE,35077E6SE,Incomplete,2024,,,,,,,,,,,,,,,,,,,,,,,,,,,
WANCHESE-CW,35075G6CW,Incomplete,2024,,,,,,,,,,,,,,,,,,,,,,,,,,,
WHITE_ROCK-SE,35082H6SE,Incomplete,2024,,,,,,,,,,,,,,,,,,,,,,,,,,,
WILSON-SE,35077F8SE,Complete,2024,,,,,,,,,,,,,,,,,,,,,,,,,,,
WINSTON-SALEM_WEST-SE,36080A3SE,Incomplete,2025,,,,,,,,,,,,,,,,,,,,,,,,,,,
WALNUT_COVE-SE,36080C2SE,Incomplete,2025,,,,,,,,,,,,,,,,,,,,,,,,,,,
WAYNESVILLE-SE,35082D8SE,Incomplete,2024,,,,,,,,,,,,,,,,,,,,,,,,,,,
WESSER-SE,35083C5SE,Incomplete,2025,,,,,,,,,,,,,,,,,,,,,,,,,,,
WHITE_LAKE-SE,34078F4SE,Incomplete,2024,,,,,,,,,,,,,,,,,,,,,,,,,,,
WARSAW_SOUTH-SE,34078H1SE,Incomplete,2025,,,,,,,,,,,,,,,,,,,,,,,,,,,
WINNABOW-SE,34078B1SE,Incomplete,2023,,,,,,,,,,,,,,,,,,,,,,,,,,,
WHITTIER-SE,35083D3SE,Incomplete,2024,,,,,,,,,,,,,,,,,,,,,,,,,,,
WILLISTON-SE,34076G5SE,Complete,2023,,,,,,,,,,,,,,,,,,,,,,,,,,,
WHITEHEAD-SE,36081D2SE,Incomplete,2023,,,,,,,,,,,,,,,,,,,,,,,,,,,
WILMINGTON-SE,34077B8SE,Incomplete,2024,,,,,,,,,,,,,,,,,,,,,,,,,,,
WINSTEAD_CROSSROADS-SE,35077G8SE,Complete,2024,,,,,,,,,,,,,,,,,,,,,,,,,,,
YADKINVILLE-SE,36080B6SE,Incomplete,2024,,,,,,,,,,,,,,,,,,,,,,,,,,,
ZION_GROVE-SE,35079C5SE,Incomplete,2023,,,,,,,,,,,,,,,,,,,,,,,,,,,
WOODLAND-SE,36077C2SE,Incomplete,2023,,,,,,,,,,,,,,,,,,,,,,,,,,,
WINSTON-SALEM_EAST-SE,36080A2SE,Incomplete,2023,,,,,,,,,,,,,,,,,,,,,,,,,,,
WEDDINGTON-SE,35080A7SE,Incomplete,2024,,,,,,,,,,,,,,,,,,,,,,,,,,,
WINDSOR_NORTH-SE,36076A8SE,Incomplete,2023,,,,,,,,,,,,,,,,,,,,,,,,,,,
WILKESBORO-SE,36081B2SE,Complete,2023,,,,,,,,,,,,,,,,,,,,,,,,,,,
WILLIAMS-SE,35077B8SE,Incomplete,2025,,,,,,,,,,,,,,,,,,,,,,,,,,,
WILMAR-SE,35077D2SE,Incomplete,2023,,,,,,,,,,,,,,,,,,,,,,,,,,,
WINTON-SE,36076D8SE,Incomplete,2025,,,,,,,,,,,,,,,,,,,,,,,,,,,
WATSON-SE,35080A4SE,Incomplete,2024,,,,,,,,,,,,,,,,,,,,,,,,,,,
WEEKSVILLE-SE,36076B2SE,Incomplete,2025,,,,,,,,,,,,,,,,,,,,,,,,,,,
WELCOME-SE,35080H3SE,Incomplete,2023,,,,,,,,,,,,,,,,,,,,,,,,,,,
WARSAW_NORTH-SE,35078A1SE,Complete,2025,,,,,,,,,,,,,,,,,,,,,,,,,,,
WALLACE_WEST-SE,34078F1SE,Incomplete,2025,,,,,,,,,,,,,,,,,,,,,,,,,,,
WINDSOR_SOUTH-SE,35076H8SE,Incomplete,2023,,,,,,,,,,,,,,,,,,,,,,,,,,,
WINGATE-SE,34080H4SE,Incomplete,2024,,,,,,,,,,,,,,,,,,,,,,,,,,,
WILLIAMSTON-SE,35077G1SE,Incomplete,2023,,,,,,,,,,,,,,,,,,,,,,,,,,,
WILTON-SE,36078B5SE,Complete,2023,,,,,,,,,,,,,,,,,,,,,,,,,,,
WILLIAMSBURG-SE,36079C5SE,Incomplete,2024,,,,,,,,,,,,,,,,,,,,,,,,,,,
WHITEVILLE-SE,34078C6SE,Incomplete,2023,,,,,,,,,,,,,,,,,,,,,,,,,,,
WOODVILLE-SE,36077A2SE,Incomplete,2023,,,,,,,,,,,,,,,,,,,,,,,,,,,
YANCEYVILLE-SE,36079D3SE,Incomplete,2024,,,,,,,,,,,,,,,,,,,,,,,,,,,
WRIGHTSVILLE_BEACH-CW,34077B7CW,Incomplete,2024,,,,,,,,,,,,,,,,,,,,,,,,,,,
ZEBULON-SE,35078G3SE,Complete,2023,,,,,,,,,,,,,,,,,,,,,,,,,,,
ZIONVILLE-SE,36081C6SE,Complete,2023,,,,,,,,,,,,,,,,,,,,,,,,,,,
ZIRCONIA-NW,35082B4NW,Complete,2023,,,,,,,,,,,,,,,,,,,,,,,,,,,
YEOPIM_RIVER-CW,36076A4CW,Complete,2023,,,,,,,,,,,,,,,,,,,,,,,,,,,
WOODARD-SE,35076H7SE,Incomplete,2023,,,,,,,,,,,,,,,,,,,,,,,,,,,
Total,,136,,,,,,,,,,,,,,,,,,,,,,,,,,,,
,,0.145144077,,,,,,,,,,,,,,,,,,,,,,,,,,,,
