COMMON_NAME,BREEDING_CODE,SUITABILITY_TEXT,SUITABILITY
Coopers Hawk,F,S,0
Coopers Hawk,H,,0
Coopers Hawk,S,U,2
Coopers Hawk,A,,0
Coopers Hawk,B,U,2
Coopers Hawk,C,,0
Coopers Hawk,M,,0
Coopers Hawk,N,,0
Coopers Hawk,P,,0
Coopers Hawk,S7,U,2
Coopers Hawk,T,,0
Coopers Hawk,CF,F,1
Coopers Hawk,CN,,0
Coopers Hawk,DD,,0
Coopers Hawk,FL,,0
Coopers Hawk,FS,,0
Coopers Hawk,FY,,0
Coopers Hawk,NB,,0
Coopers Hawk,NE,,0
Coopers Hawk,NY,,0
Coopers Hawk,ON,,0
Coopers Hawk,PE,,0
Coopers Hawk,UN,,0
Sharp-shinned Hawk,F,S,0
Sharp-shinned Hawk,H,,0
Sharp-shinned Hawk,S,U,2
Sharp-shinned Hawk,A,,0
Sharp-shinned Hawk,B,U,2
Sharp-shinned Hawk,C,,0
Sharp-shinned Hawk,M,,0
Sharp-shinned Hawk,N,,0
Sharp-shinned Hawk,P,,0
Sharp-shinned Hawk,S7,U,2
Sharp-shinned Hawk,T,,0
Sharp-shinned Hawk,CF,F,1
Sharp-shinned Hawk,CN,,0
Sharp-shinned Hawk,DD,,0
Sharp-shinned Hawk,FL,,0
Sharp-shinned Hawk,FS,,0
Sharp-shinned Hawk,FY,,0
Sharp-shinned Hawk,NB,,0
Sharp-shinned Hawk,NE,,0
Sharp-shinned Hawk,NY,,0
Sharp-shinned Hawk,ON,,0
Sharp-shinned Hawk,PE,,0
Sharp-shinned Hawk,UN,,0
Red-tailed Hawk,F,S,0
Red-tailed Hawk,H,,0
Red-tailed Hawk,S,U,2
Red-tailed Hawk,A,,0
Red-tailed Hawk,B,U,2
Red-tailed Hawk,C,,0
Red-tailed Hawk,M,,0
Red-tailed Hawk,N,,0
Red-tailed Hawk,P,,0
Red-tailed Hawk,S7,U,2
Red-tailed Hawk,T,,0
Red-tailed Hawk,CF,F,1
Red-tailed Hawk,CN,,0
Red-tailed Hawk,DD,,0
Red-tailed Hawk,FL,,0
Red-tailed Hawk,FS,,0
Red-tailed Hawk,FY,,0
Red-tailed Hawk,NB,,0
Red-tailed Hawk,NE,,0
Red-tailed Hawk,NY,,0
Red-tailed Hawk,ON,,0
Red-tailed Hawk,PE,,0
Red-tailed Hawk,UN,,0
Red-shouldered Hawk,F,S,0
Red-shouldered Hawk,H,,0
Red-shouldered Hawk,S,U,2
Red-shouldered Hawk,A,,0
Red-shouldered Hawk,B,U,2
Red-shouldered Hawk,C,,0
Red-shouldered Hawk,M,,0
Red-shouldered Hawk,N,,0
Red-shouldered Hawk,P,,0
Red-shouldered Hawk,S7,U,2
Red-shouldered Hawk,T,,0
Red-shouldered Hawk,CF,F,1
Red-shouldered Hawk,CN,,0
Red-shouldered Hawk,DD,,0
Red-shouldered Hawk,FL,,0
Red-shouldered Hawk,FS,,0
Red-shouldered Hawk,FY,,0
Red-shouldered Hawk,NB,,0
Red-shouldered Hawk,NE,,0
Red-shouldered Hawk,NY,,0
Red-shouldered Hawk,ON,,0
Red-shouldered Hawk,PE,,0
Red-shouldered Hawk,UN,,0
Broad-winged Hawk,F,S,0
Broad-winged Hawk,H,,0
Broad-winged Hawk,S,U,2
Broad-winged Hawk,A,,0
Broad-winged Hawk,B,U,2
Broad-winged Hawk,C,,0
Broad-winged Hawk,M,,0
Broad-winged Hawk,N,,0
Broad-winged Hawk,P,,0
Broad-winged Hawk,S7,U,2
Broad-winged Hawk,T,,0
Broad-winged Hawk,CF,F,1
Broad-winged Hawk,CN,,0
Broad-winged Hawk,DD,,0
Broad-winged Hawk,FL,,0
Broad-winged Hawk,FS,,0
Broad-winged Hawk,FY,,0
Broad-winged Hawk,NB,,0
Broad-winged Hawk,NE,,0
Broad-winged Hawk,NY,,0
Broad-winged Hawk,ON,,0
Broad-winged Hawk,PE,,0
Broad-winged Hawk,UN,,0
Northern Harrier,F,S,0
Northern Harrier,H,,0
Northern Harrier,S,U,2
Northern Harrier,A,,0
Northern Harrier,B,U,2
Northern Harrier,C,,0
Northern Harrier,M,,0
Northern Harrier,N,,0
Northern Harrier,P,,0
Northern Harrier,S7,U,2
Northern Harrier,T,,0
Northern Harrier,CF,F,1
Northern Harrier,CN,,0
Northern Harrier,DD,,0
Northern Harrier,FL,,0
Northern Harrier,FS,,0
Northern Harrier,FY,,0
Northern Harrier,NB,,0
Northern Harrier,NE,,0
Northern Harrier,NY,,0
Northern Harrier,ON,,0
Northern Harrier,PE,,0
Northern Harrier,UN,,0
Swallow-tailed Kite,F,S,0
Swallow-tailed Kite,H,,0
Swallow-tailed Kite,S,U,2
Swallow-tailed Kite,A,,0
Swallow-tailed Kite,B,U,2
Swallow-tailed Kite,C,,0
Swallow-tailed Kite,M,,0
Swallow-tailed Kite,N,,0
Swallow-tailed Kite,P,,0
Swallow-tailed Kite,S7,U,2
Swallow-tailed Kite,T,,0
Swallow-tailed Kite,CF,F,1
Swallow-tailed Kite,CN,,0
Swallow-tailed Kite,DD,,0
Swallow-tailed Kite,FL,,0
Swallow-tailed Kite,FS,,0
Swallow-tailed Kite,FY,,0
Swallow-tailed Kite,NB,,0
Swallow-tailed Kite,NE,,0
Swallow-tailed Kite,NY,,0
Swallow-tailed Kite,ON,,0
Swallow-tailed Kite,PE,,0
Swallow-tailed Kite,UN,,0
Bald Eagle,F,S,0
Bald Eagle,H,,0
Bald Eagle,S,U,2
Bald Eagle,A,,0
Bald Eagle,B,U,2
Bald Eagle,C,,0
Bald Eagle,M,,0
Bald Eagle,N,,0
Bald Eagle,P,,0
Bald Eagle,S7,U,2
Bald Eagle,T,,0
Bald Eagle,CF,F,1
Bald Eagle,CN,,0
Bald Eagle,DD,,0
Bald Eagle,FL,,0
Bald Eagle,FS,,0
Bald Eagle,FY,,0
Bald Eagle,NB,,0
Bald Eagle,NE,,0
Bald Eagle,NY,,0
Bald Eagle,ON,,0
Bald Eagle,PE,,0
Bald Eagle,UN,,0
Mississippi Kite,F,S,0
Mississippi Kite,H,,0
Mississippi Kite,S,U,2
Mississippi Kite,A,,0
Mississippi Kite,B,U,2
Mississippi Kite,C,,0
Mississippi Kite,M,,0
Mississippi Kite,N,,0
Mississippi Kite,P,,0
Mississippi Kite,S7,U,2
Mississippi Kite,T,,0
Mississippi Kite,CF,F,1
Mississippi Kite,CN,,0
Mississippi Kite,DD,,0
Mississippi Kite,FL,,0
Mississippi Kite,FS,,0
Mississippi Kite,FY,,0
Mississippi Kite,NB,,0
Mississippi Kite,NE,,0
Mississippi Kite,NY,,0
Mississippi Kite,ON,,0
Mississippi Kite,PE,,0
Mississippi Kite,UN,,0
Osprey,F,S,0
Osprey,H,,0
Osprey,S,U,2
Osprey,A,,0
Osprey,B,U,2
Osprey,C,,0
Osprey,M,,0
Osprey,N,,0
Osprey,P,,0
Osprey,S7,U,2
Osprey,T,,0
Osprey,CF,F,1
Osprey,CN,,0
Osprey,DD,,0
Osprey,FL,,0
Osprey,FS,,0
Osprey,FY,,0
Osprey,NB,,0
Osprey,NE,,0
Osprey,NY,,0
Osprey,ON,,0
Osprey,PE,,0
Osprey,UN,,0
Wood Duck,F,,0
Wood Duck,H,,0
Wood Duck,S,U,2
Wood Duck,A,,0
Wood Duck,B,U,2
Wood Duck,C,,0
Wood Duck,M,,0
Wood Duck,N,,0
Wood Duck,P,,0
Wood Duck,S7,U,2
Wood Duck,T,,0
Wood Duck,CF,U,2
Wood Duck,CN,,0
Wood Duck,DD,,0
Wood Duck,FL,,0
Wood Duck,FS,,0
Wood Duck,FY,,0
Wood Duck,NB,,0
Wood Duck,NE,,0
Wood Duck,NY,,0
Wood Duck,ON,,0
Wood Duck,PE,,0
Wood Duck,UN,,0
American Black Duck,F,,0
American Black Duck,H,,0
American Black Duck,S,U,2
American Black Duck,A,,0
American Black Duck,B,U,2
American Black Duck,C,,0
American Black Duck,M,,0
American Black Duck,N,,0
American Black Duck,P,,0
American Black Duck,S7,U,2
American Black Duck,T,,0
American Black Duck,CF,U,2
American Black Duck,CN,,0
American Black Duck,DD,,0
American Black Duck,FL,,0
American Black Duck,FS,,0
American Black Duck,FY,,0
American Black Duck,NB,,0
American Black Duck,NE,,0
American Black Duck,NY,,0
American Black Duck,ON,,0
American Black Duck,PE,,0
American Black Duck,UN,,0
Canada Goose,F,,0
Canada Goose,H,,0
Canada Goose,S,U,2
Canada Goose,A,,0
Canada Goose,B,U,2
Canada Goose,C,,0
Canada Goose,M,,0
Canada Goose,N,,0
Canada Goose,P,,0
Canada Goose,S7,U,2
Canada Goose,T,,0
Canada Goose,CF,U,2
Canada Goose,CN,,0
Canada Goose,DD,,0
Canada Goose,FL,,0
Canada Goose,FS,,0
Canada Goose,FY,,0
Canada Goose,NB,,0
Canada Goose,NE,,0
Canada Goose,NY,,0
Canada Goose,ON,,0
Canada Goose,PE,,0
Canada Goose,UN,,0
Hooded Merganser,F,,0
Hooded Merganser,H,,0
Hooded Merganser,S,U,2
Hooded Merganser,A,,0
Hooded Merganser,B,U,2
Hooded Merganser,C,,0
Hooded Merganser,M,,0
Hooded Merganser,N,,0
Hooded Merganser,P,,0
Hooded Merganser,S7,U,2
Hooded Merganser,T,,0
Hooded Merganser,CF,U,2
Hooded Merganser,CN,,0
Hooded Merganser,DD,,0
Hooded Merganser,FL,,0
Hooded Merganser,FS,,0
Hooded Merganser,FY,,0
Hooded Merganser,NB,,0
Hooded Merganser,NE,,0
Hooded Merganser,NY,,0
Hooded Merganser,ON,,0
Hooded Merganser,PE,,0
Hooded Merganser,UN,,0
Gadwall,F,,0
Gadwall,H,,0
Gadwall,S,U,2
Gadwall,A,,0
Gadwall,B,U,2
Gadwall,C,,0
Gadwall,M,,0
Gadwall,N,,0
Gadwall,P,,0
Gadwall,S7,U,2
Gadwall,T,,0
Gadwall,CF,U,2
Gadwall,CN,,0
Gadwall,DD,,0
Gadwall,FL,,0
Gadwall,FS,,0
Gadwall,FY,,0
Gadwall,NB,,0
Gadwall,NE,,0
Gadwall,NY,,0
Gadwall,ON,,0
Gadwall,PE,,0
Gadwall,UN,,0
Chimney Swift,F,S,0
Chimney Swift,H,,0
Chimney Swift,S,,0
Chimney Swift,A,,0
Chimney Swift,B,U,2
Chimney Swift,C,,0
Chimney Swift,M,,0
Chimney Swift,N,,0
Chimney Swift,P,,0
Chimney Swift,S7,,0
Chimney Swift,T,,0
Chimney Swift,CF,,0
Chimney Swift,CN,,0
Chimney Swift,DD,,0
Chimney Swift,FL,,0
Chimney Swift,FS,,0
Chimney Swift,FY,,0
Chimney Swift,NB,,0
Chimney Swift,NE,,0
Chimney Swift,NY,,0
Chimney Swift,ON,,0
Chimney Swift,PE,,0
Chimney Swift,UN,,0
Ruby-throated Hummingbird,F,S,0
Ruby-throated Hummingbird,H,,0
Ruby-throated Hummingbird,S,,0
Ruby-throated Hummingbird,A,,0
Ruby-throated Hummingbird,B,U,2
Ruby-throated Hummingbird,C,,0
Ruby-throated Hummingbird,M,,0
Ruby-throated Hummingbird,N,,0
Ruby-throated Hummingbird,P,,0
Ruby-throated Hummingbird,S7,,0
Ruby-throated Hummingbird,T,,0
Ruby-throated Hummingbird,CF,,0
Ruby-throated Hummingbird,CN,,0
Ruby-throated Hummingbird,DD,,0
Ruby-throated Hummingbird,FL,,0
Ruby-throated Hummingbird,FS,,0
Ruby-throated Hummingbird,FY,,0
Ruby-throated Hummingbird,NB,,0
Ruby-throated Hummingbird,NE,,0
Ruby-throated Hummingbird,NY,,0
Ruby-throated Hummingbird,ON,,0
Ruby-throated Hummingbird,PE,,0
Ruby-throated Hummingbird,UN,,0
Chuck-wills-widow,F,,0
Chuck-wills-widow,H,,0
Chuck-wills-widow,S,,0
Chuck-wills-widow,A,,0
Chuck-wills-widow,B,U,2
Chuck-wills-widow,C,,0
Chuck-wills-widow,M,,0
Chuck-wills-widow,N,,0
Chuck-wills-widow,P,,0
Chuck-wills-widow,S7,,0
Chuck-wills-widow,T,,0
Chuck-wills-widow,CF,,0
Chuck-wills-widow,CN,,0
Chuck-wills-widow,DD,,0
Chuck-wills-widow,FL,,0
Chuck-wills-widow,FS,,0
Chuck-wills-widow,FY,,0
Chuck-wills-widow,NB,,0
Chuck-wills-widow,NE,,0
Chuck-wills-widow,NY,,0
Chuck-wills-widow,ON,,0
Chuck-wills-widow,PE,,0
Chuck-wills-widow,UN,,0
Eastern Whip-poor-will,F,,0
Eastern Whip-poor-will,H,,0
Eastern Whip-poor-will,S,,0
Eastern Whip-poor-will,A,,0
Eastern Whip-poor-will,B,U,2
Eastern Whip-poor-will,C,,0
Eastern Whip-poor-will,M,,0
Eastern Whip-poor-will,N,,0
Eastern Whip-poor-will,P,,0
Eastern Whip-poor-will,S7,,0
Eastern Whip-poor-will,T,,0
Eastern Whip-poor-will,CF,,0
Eastern Whip-poor-will,CN,,0
Eastern Whip-poor-will,DD,,0
Eastern Whip-poor-will,FL,,0
Eastern Whip-poor-will,FS,,0
Eastern Whip-poor-will,FY,,0
Eastern Whip-poor-will,NB,,0
Eastern Whip-poor-will,NE,,0
Eastern Whip-poor-will,NY,,0
Eastern Whip-poor-will,ON,,0
Eastern Whip-poor-will,PE,,0
Eastern Whip-poor-will,UN,,0
Common Nighthawk,F,,0
Common Nighthawk,H,,0
Common Nighthawk,S,,0
Common Nighthawk,A,,0
Common Nighthawk,B,U,2
Common Nighthawk,C,,0
Common Nighthawk,M,,0
Common Nighthawk,N,,0
Common Nighthawk,P,,0
Common Nighthawk,S7,,0
Common Nighthawk,T,,0
Common Nighthawk,CF,,0
Common Nighthawk,CN,,0
Common Nighthawk,DD,,0
Common Nighthawk,FL,,0
Common Nighthawk,FS,,0
Common Nighthawk,FY,,0
Common Nighthawk,NB,,0
Common Nighthawk,NE,,0
Common Nighthawk,NY,,0
Common Nighthawk,ON,,0
Common Nighthawk,PE,,0
Common Nighthawk,UN,,0
Turkey Vulture,F,,0
Turkey Vulture,H,,0
Turkey Vulture,S,U,2
Turkey Vulture,A,,0
Turkey Vulture,B,U,2
Turkey Vulture,C,,0
Turkey Vulture,M,,0
Turkey Vulture,N,,0
Turkey Vulture,P,,0
Turkey Vulture,S7,U,2
Turkey Vulture,T,,0
Turkey Vulture,CF,,0
Turkey Vulture,CN,,0
Turkey Vulture,DD,,0
Turkey Vulture,FL,,0
Turkey Vulture,FS,,0
Turkey Vulture,FY,,0
Turkey Vulture,NB,,0
Turkey Vulture,NE,,0
Turkey Vulture,NY,,0
Turkey Vulture,ON,,0
Turkey Vulture,PE,,0
Turkey Vulture,UN,,0
Black Vulture,F,,0
Black Vulture,H,,0
Black Vulture,S,U,2
Black Vulture,A,,0
Black Vulture,B,U,2
Black Vulture,C,,0
Black Vulture,M,,0
Black Vulture,N,,0
Black Vulture,P,,0
Black Vulture,S7,U,2
Black Vulture,T,,0
Black Vulture,CF,,0
Black Vulture,CN,,0
Black Vulture,DD,,0
Black Vulture,FL,,0
Black Vulture,FS,,0
Black Vulture,FY,,0
Black Vulture,NB,,0
Black Vulture,NE,,0
Black Vulture,NY,,0
Black Vulture,ON,,0
Black Vulture,PE,,0
Black Vulture,UN,,0
Piping Plover,F,S,0
Piping Plover,H,,0
Piping Plover,S,,0
Piping Plover,A,,0
Piping Plover,B,U,2
Piping Plover,C,,0
Piping Plover,M,,0
Piping Plover,N,,0
Piping Plover,P,,0
Piping Plover,S7,,0
Piping Plover,T,,0
Piping Plover,CF,,0
Piping Plover,CN,,0
Piping Plover,DD,,0
Piping Plover,FL,,0
Piping Plover,FS,,0
Piping Plover,FY,,0
Piping Plover,NB,,0
Piping Plover,NE,,0
Piping Plover,NY,,0
Piping Plover,ON,,0
Piping Plover,PE,,0
Piping Plover,UN,,0
Killdeer,F,S,0
Killdeer,H,,0
Killdeer,S,,0
Killdeer,A,,0
Killdeer,B,U,2
Killdeer,C,,0
Killdeer,M,,0
Killdeer,N,,0
Killdeer,P,,0
Killdeer,S7,,0
Killdeer,T,,0
Killdeer,CF,,0
Killdeer,CN,,0
Killdeer,DD,,0
Killdeer,FL,,0
Killdeer,FS,,0
Killdeer,FY,,0
Killdeer,NB,,0
Killdeer,NE,,0
Killdeer,NY,,0
Killdeer,ON,,0
Killdeer,PE,,0
Killdeer,UN,,0
Wilsons Plover,F,S,0
Wilsons Plover,H,,0
Wilsons Plover,S,,0
Wilsons Plover,A,,0
Wilsons Plover,B,U,2
Wilsons Plover,C,,0
Wilsons Plover,M,,0
Wilsons Plover,N,,0
Wilsons Plover,P,,0
Wilsons Plover,S7,,0
Wilsons Plover,T,,0
Wilsons Plover,CF,,0
Wilsons Plover,CN,,0
Wilsons Plover,DD,,0
Wilsons Plover,FL,,0
Wilsons Plover,FS,,0
Wilsons Plover,FY,,0
Wilsons Plover,NB,,0
Wilsons Plover,NE,,0
Wilsons Plover,NY,,0
Wilsons Plover,ON,,0
Wilsons Plover,PE,,0
Wilsons Plover,UN,,0
American Oystercatcher,F,S,0
American Oystercatcher,H,,0
American Oystercatcher,S,,0
American Oystercatcher,A,,0
American Oystercatcher,B,U,2
American Oystercatcher,C,,0
American Oystercatcher,M,,0
American Oystercatcher,N,,0
American Oystercatcher,P,,0
American Oystercatcher,S7,,0
American Oystercatcher,T,,0
American Oystercatcher,CF,,0
American Oystercatcher,CN,,0
American Oystercatcher,DD,,0
American Oystercatcher,FL,,0
American Oystercatcher,FS,,0
American Oystercatcher,FY,,0
American Oystercatcher,NB,,0
American Oystercatcher,NE,,0
American Oystercatcher,NY,,0
American Oystercatcher,ON,,0
American Oystercatcher,PE,,0
American Oystercatcher,UN,,0
Gull-billed Tern,F,S,0
Gull-billed Tern,H,,0
Gull-billed Tern,S,,0
Gull-billed Tern,A,,0
Gull-billed Tern,B,U,2
Gull-billed Tern,C,,0
Gull-billed Tern,M,,0
Gull-billed Tern,N,,0
Gull-billed Tern,P,,0
Gull-billed Tern,S7,,0
Gull-billed Tern,T,,0
Gull-billed Tern,CF,,0
Gull-billed Tern,CN,,0
Gull-billed Tern,DD,,0
Gull-billed Tern,FL,,0
Gull-billed Tern,FS,,0
Gull-billed Tern,FY,,0
Gull-billed Tern,NB,,0
Gull-billed Tern,NE,,0
Gull-billed Tern,NY,,0
Gull-billed Tern,ON,,0
Gull-billed Tern,PE,,0
Gull-billed Tern,UN,,0
Caspian Tern,F,S,0
Caspian Tern,H,,0
Caspian Tern,S,,0
Caspian Tern,A,,0
Caspian Tern,B,U,2
Caspian Tern,C,,0
Caspian Tern,M,,0
Caspian Tern,N,,0
Caspian Tern,P,,0
Caspian Tern,S7,,0
Caspian Tern,T,,0
Caspian Tern,CF,F,1
Caspian Tern,CN,,0
Caspian Tern,DD,,0
Caspian Tern,FL,,0
Caspian Tern,FS,,0
Caspian Tern,FY,,0
Caspian Tern,NB,,0
Caspian Tern,NE,,0
Caspian Tern,NY,,0
Caspian Tern,ON,,0
Caspian Tern,PE,,0
Caspian Tern,UN,,0
Herring Gull,F,S,0
Herring Gull,H,,0
Herring Gull,S,,0
Herring Gull,A,,0
Herring Gull,B,U,2
Herring Gull,C,,0
Herring Gull,M,,0
Herring Gull,N,,0
Herring Gull,P,,0
Herring Gull,S7,,0
Herring Gull,T,,0
Herring Gull,CF,,0
Herring Gull,CN,,0
Herring Gull,DD,,0
Herring Gull,FL,,0
Herring Gull,FS,,0
Herring Gull,FY,,0
Herring Gull,NB,,0
Herring Gull,NE,,0
Herring Gull,NY,,0
Herring Gull,ON,,0
Herring Gull,PE,,0
Herring Gull,UN,,0
Great Black-backed Gull,F,S,0
Great Black-backed Gull,H,,0
Great Black-backed Gull,S,,0
Great Black-backed Gull,A,,0
Great Black-backed Gull,B,U,2
Great Black-backed Gull,C,,0
Great Black-backed Gull,M,,0
Great Black-backed Gull,N,,0
Great Black-backed Gull,P,,0
Great Black-backed Gull,S7,,0
Great Black-backed Gull,T,,0
Great Black-backed Gull,CF,,0
Great Black-backed Gull,CN,,0
Great Black-backed Gull,DD,,0
Great Black-backed Gull,FL,,0
Great Black-backed Gull,FS,,0
Great Black-backed Gull,FY,,0
Great Black-backed Gull,NB,,0
Great Black-backed Gull,NE,,0
Great Black-backed Gull,NY,,0
Great Black-backed Gull,ON,,0
Great Black-backed Gull,PE,,0
Great Black-backed Gull,UN,,0
Laughing Gull,F,S,0
Laughing Gull,H,,0
Laughing Gull,S,,0
Laughing Gull,A,,0
Laughing Gull,B,U,2
Laughing Gull,C,,0
Laughing Gull,M,,0
Laughing Gull,N,,0
Laughing Gull,P,,0
Laughing Gull,S7,,0
Laughing Gull,T,,0
Laughing Gull,CF,,0
Laughing Gull,CN,,0
Laughing Gull,DD,,0
Laughing Gull,FL,,0
Laughing Gull,FS,,0
Laughing Gull,FY,,0
Laughing Gull,NB,,0
Laughing Gull,NE,,0
Laughing Gull,NY,,0
Laughing Gull,ON,,0
Laughing Gull,PE,,0
Laughing Gull,UN,,0
Black Skimmer,F,S,0
Black Skimmer,H,,0
Black Skimmer,S,,0
Black Skimmer,A,,0
Black Skimmer,B,U,2
Black Skimmer,C,,0
Black Skimmer,M,,0
Black Skimmer,N,,0
Black Skimmer,P,,0
Black Skimmer,S7,,0
Black Skimmer,T,,0
Black Skimmer,CF,F,1
Black Skimmer,CN,,0
Black Skimmer,DD,,0
Black Skimmer,FL,,0
Black Skimmer,FS,,0
Black Skimmer,FY,,0
Black Skimmer,NB,,0
Black Skimmer,NE,,0
Black Skimmer,NY,,0
Black Skimmer,ON,,0
Black Skimmer,PE,,0
Black Skimmer,UN,,0
Roseate Tern,F,S,0
Roseate Tern,H,,0
Roseate Tern,S,,0
Roseate Tern,A,,0
Roseate Tern,B,U,2
Roseate Tern,C,,0
Roseate Tern,M,,0
Roseate Tern,N,,0
Roseate Tern,P,,0
Roseate Tern,S7,,0
Roseate Tern,T,,0
Roseate Tern,CF,F,1
Roseate Tern,CN,,0
Roseate Tern,DD,,0
Roseate Tern,FL,,0
Roseate Tern,FS,,0
Roseate Tern,FY,,0
Roseate Tern,NB,,0
Roseate Tern,NE,,0
Roseate Tern,NY,,0
Roseate Tern,ON,,0
Roseate Tern,PE,,0
Roseate Tern,UN,,0
Forsters Tern,F,S,0
Forsters Tern,H,,0
Forsters Tern,S,,0
Forsters Tern,A,,0
Forsters Tern,B,U,2
Forsters Tern,C,,0
Forsters Tern,M,,0
Forsters Tern,N,,0
Forsters Tern,P,,0
Forsters Tern,S7,,0
Forsters Tern,T,,0
Forsters Tern,CF,F,1
Forsters Tern,CN,,0
Forsters Tern,DD,,0
Forsters Tern,FL,,0
Forsters Tern,FS,,0
Forsters Tern,FY,,0
Forsters Tern,NB,,0
Forsters Tern,NE,,0
Forsters Tern,NY,,0
Forsters Tern,ON,,0
Forsters Tern,PE,,0
Forsters Tern,UN,,0
Common Tern,F,S,0
Common Tern,H,,0
Common Tern,S,,0
Common Tern,A,,0
Common Tern,B,U,2
Common Tern,C,,0
Common Tern,M,,0
Common Tern,N,,0
Common Tern,P,,0
Common Tern,S7,,0
Common Tern,T,,0
Common Tern,CF,F,1
Common Tern,CN,,0
Common Tern,DD,,0
Common Tern,FL,,0
Common Tern,FS,,0
Common Tern,FY,,0
Common Tern,NB,,0
Common Tern,NE,,0
Common Tern,NY,,0
Common Tern,ON,,0
Common Tern,PE,,0
Common Tern,UN,,0
Least Tern,F,S,0
Least Tern,H,,0
Least Tern,S,,0
Least Tern,A,,0
Least Tern,B,U,2
Least Tern,C,,0
Least Tern,M,,0
Least Tern,N,,0
Least Tern,P,,0
Least Tern,S7,,0
Least Tern,T,,0
Least Tern,CF,F,1
Least Tern,CN,,0
Least Tern,DD,,0
Least Tern,FL,,0
Least Tern,FS,,0
Least Tern,FY,,0
Least Tern,NB,,0
Least Tern,NE,,0
Least Tern,NY,,0
Least Tern,ON,,0
Least Tern,PE,,0
Least Tern,UN,,0
Royal Tern,F,S,0
Royal Tern,H,,0
Royal Tern,S,,0
Royal Tern,A,,0
Royal Tern,B,U,2
Royal Tern,C,,0
Royal Tern,M,,0
Royal Tern,N,,0
Royal Tern,P,,0
Royal Tern,S7,,0
Royal Tern,T,,0
Royal Tern,CF,F,1
Royal Tern,CN,,0
Royal Tern,DD,,0
Royal Tern,FL,,0
Royal Tern,FS,,0
Royal Tern,FY,,0
Royal Tern,NB,,0
Royal Tern,NE,,0
Royal Tern,NY,,0
Royal Tern,ON,,0
Royal Tern,PE,,0
Royal Tern,UN,,0
Sandwich Tern,F,S,0
Sandwich Tern,H,,0
Sandwich Tern,S,,0
Sandwich Tern,A,,0
Sandwich Tern,B,U,2
Sandwich Tern,C,,0
Sandwich Tern,M,,0
Sandwich Tern,N,,0
Sandwich Tern,P,,0
Sandwich Tern,S7,,0
Sandwich Tern,T,,0
Sandwich Tern,CF,F,1
Sandwich Tern,CN,,0
Sandwich Tern,DD,,0
Sandwich Tern,FL,,0
Sandwich Tern,FS,,0
Sandwich Tern,FY,,0
Sandwich Tern,NB,,0
Sandwich Tern,NE,,0
Sandwich Tern,NY,,0
Sandwich Tern,ON,,0
Sandwich Tern,PE,,0
Sandwich Tern,UN,,0
Black-necked Stilt,F,S,0
Black-necked Stilt,H,,0
Black-necked Stilt,S,,0
Black-necked Stilt,A,,0
Black-necked Stilt,B,U,2
Black-necked Stilt,C,,0
Black-necked Stilt,M,,0
Black-necked Stilt,N,,0
Black-necked Stilt,P,,0
Black-necked Stilt,S7,,0
Black-necked Stilt,T,,0
Black-necked Stilt,CF,,0
Black-necked Stilt,CN,,0
Black-necked Stilt,DD,,0
Black-necked Stilt,FL,,0
Black-necked Stilt,FS,,0
Black-necked Stilt,FY,,0
Black-necked Stilt,NB,,0
Black-necked Stilt,NE,,0
Black-necked Stilt,NY,,0
Black-necked Stilt,ON,,0
Black-necked Stilt,PE,,0
Black-necked Stilt,UN,,0
American Woodcock,F,S,0
American Woodcock,H,,0
American Woodcock,S,,0
American Woodcock,A,,0
American Woodcock,B,U,2
American Woodcock,C,,0
American Woodcock,M,,0
American Woodcock,N,,0
American Woodcock,P,,0
American Woodcock,S7,,0
American Woodcock,T,,0
American Woodcock,CF,,0
American Woodcock,CN,,0
American Woodcock,DD,,0
American Woodcock,FL,,0
American Woodcock,FS,,0
American Woodcock,FY,,0
American Woodcock,NB,,0
American Woodcock,NE,,0
American Woodcock,NY,,0
American Woodcock,ON,,0
American Woodcock,PE,,0
American Woodcock,UN,,0
Willet,F,S,0
Willet,H,,0
Willet,S,,0
Willet,A,,0
Willet,B,U,2
Willet,C,,0
Willet,M,,0
Willet,N,,0
Willet,P,,0
Willet,S7,,0
Willet,T,,0
Willet,CF,,0
Willet,CN,,0
Willet,DD,,0
Willet,FL,,0
Willet,FS,,0
Willet,FY,,0
Willet,NB,,0
Willet,NE,,0
Willet,NY,,0
Willet,ON,,0
Willet,PE,,0
Willet,UN,,0
Wood Stork,F,,0
Wood Stork,H,,0
Wood Stork,S,,0
Wood Stork,A,,0
Wood Stork,B,U,2
Wood Stork,C,,0
Wood Stork,M,,0
Wood Stork,N,,0
Wood Stork,P,,0
Wood Stork,S7,,0
Wood Stork,T,,0
Wood Stork,CF,,0
Wood Stork,CN,,0
Wood Stork,DD,,0
Wood Stork,FL,,0
Wood Stork,FS,,0
Wood Stork,FY,,0
Wood Stork,NB,,0
Wood Stork,NE,,0
Wood Stork,NY,,0
Wood Stork,ON,,0
Wood Stork,PE,,0
Wood Stork,UN,,0
Rock Pigeon,F,S,0
Rock Pigeon,H,,0
Rock Pigeon,S,,0
Rock Pigeon,A,,0
Rock Pigeon,B,U,2
Rock Pigeon,C,,0
Rock Pigeon,M,,0
Rock Pigeon,N,,0
Rock Pigeon,P,,0
Rock Pigeon,S7,,0
Rock Pigeon,T,,0
Rock Pigeon,CF,,0
Rock Pigeon,CN,,0
Rock Pigeon,DD,,0
Rock Pigeon,FL,,0
Rock Pigeon,FS,,0
Rock Pigeon,FY,,0
Rock Pigeon,NB,,0
Rock Pigeon,NE,,0
Rock Pigeon,NY,,0
Rock Pigeon,ON,,0
Rock Pigeon,PE,,0
Rock Pigeon,UN,,0
Mourning Dove,F,S,0
Mourning Dove,H,,0
Mourning Dove,S,,0
Mourning Dove,A,,0
Mourning Dove,B,U,2
Mourning Dove,C,,0
Mourning Dove,M,,0
Mourning Dove,N,,0
Mourning Dove,P,,0
Mourning Dove,S7,,0
Mourning Dove,T,,0
Mourning Dove,CF,,0
Mourning Dove,CN,,0
Mourning Dove,DD,,0
Mourning Dove,FL,,0
Mourning Dove,FS,,0
Mourning Dove,FY,,0
Mourning Dove,NB,,0
Mourning Dove,NE,,0
Mourning Dove,NY,,0
Mourning Dove,ON,,0
Mourning Dove,PE,,0
Mourning Dove,UN,,0
Belted Kingfisher,F,S,0
Belted Kingfisher,H,,0
Belted Kingfisher,S,,0
Belted Kingfisher,A,,0
Belted Kingfisher,B,U,2
Belted Kingfisher,C,,0
Belted Kingfisher,M,,0
Belted Kingfisher,N,,0
Belted Kingfisher,P,,0
Belted Kingfisher,S7,,0
Belted Kingfisher,T,,0
Belted Kingfisher,CF,,0
Belted Kingfisher,CN,,0
Belted Kingfisher,DD,,0
Belted Kingfisher,FL,,0
Belted Kingfisher,FS,,0
Belted Kingfisher,FY,,0
Belted Kingfisher,NB,,0
Belted Kingfisher,NE,,0
Belted Kingfisher,NY,,0
Belted Kingfisher,ON,,0
Belted Kingfisher,PE,,0
Belted Kingfisher,UN,,0
Yellow-billed Cuckoo,F,,0
Yellow-billed Cuckoo,H,,0
Yellow-billed Cuckoo,S,,0
Yellow-billed Cuckoo,A,,0
Yellow-billed Cuckoo,B,U,2
Yellow-billed Cuckoo,C,,0
Yellow-billed Cuckoo,M,,0
Yellow-billed Cuckoo,N,,0
Yellow-billed Cuckoo,P,,0
Yellow-billed Cuckoo,S7,,0
Yellow-billed Cuckoo,T,,0
Yellow-billed Cuckoo,CF,,0
Yellow-billed Cuckoo,CN,,0
Yellow-billed Cuckoo,DD,,0
Yellow-billed Cuckoo,FL,,0
Yellow-billed Cuckoo,FS,,0
Yellow-billed Cuckoo,FY,,0
Yellow-billed Cuckoo,NB,,0
Yellow-billed Cuckoo,NE,,0
Yellow-billed Cuckoo,NY,,0
Yellow-billed Cuckoo,ON,,0
Yellow-billed Cuckoo,PE,,0
Yellow-billed Cuckoo,UN,,0
Black-billed Cuckoo,F,,0
Black-billed Cuckoo,H,,0
Black-billed Cuckoo,S,,0
Black-billed Cuckoo,A,,0
Black-billed Cuckoo,B,U,2
Black-billed Cuckoo,C,,0
Black-billed Cuckoo,M,,0
Black-billed Cuckoo,N,,0
Black-billed Cuckoo,P,,0
Black-billed Cuckoo,S7,,0
Black-billed Cuckoo,T,,0
Black-billed Cuckoo,CF,,0
Black-billed Cuckoo,CN,,0
Black-billed Cuckoo,DD,,0
Black-billed Cuckoo,FL,,0
Black-billed Cuckoo,FS,,0
Black-billed Cuckoo,FY,,0
Black-billed Cuckoo,NB,,0
Black-billed Cuckoo,NE,,0
Black-billed Cuckoo,NY,,0
Black-billed Cuckoo,ON,,0
Black-billed Cuckoo,PE,,0
Black-billed Cuckoo,UN,,0
Peregrine Falcon,F,S,0
Peregrine Falcon,H,,0
Peregrine Falcon,S,,0
Peregrine Falcon,A,,0
Peregrine Falcon,B,U,2
Peregrine Falcon,C,,0
Peregrine Falcon,M,,0
Peregrine Falcon,N,,0
Peregrine Falcon,P,,0
Peregrine Falcon,S7,,0
Peregrine Falcon,T,,0
Peregrine Falcon,CF,,0
Peregrine Falcon,CN,,0
Peregrine Falcon,DD,,0
Peregrine Falcon,FL,,0
Peregrine Falcon,FS,,0
Peregrine Falcon,FY,,0
Peregrine Falcon,NB,,0
Peregrine Falcon,NE,,0
Peregrine Falcon,NY,,0
Peregrine Falcon,ON,,0
Peregrine Falcon,PE,,0
Peregrine Falcon,UN,,0
American Kestrel,F,S,0
American Kestrel,H,,0
American Kestrel,S,,0
American Kestrel,A,,0
American Kestrel,B,U,2
American Kestrel,C,,0
American Kestrel,M,,0
American Kestrel,N,,0
American Kestrel,P,,0
American Kestrel,S7,,0
American Kestrel,T,,0
American Kestrel,CF,,0
American Kestrel,CN,,0
American Kestrel,DD,,0
American Kestrel,FL,,0
American Kestrel,FS,,0
American Kestrel,FY,,0
American Kestrel,NB,,0
American Kestrel,NE,,0
American Kestrel,NY,,0
American Kestrel,ON,,0
American Kestrel,PE,,0
American Kestrel,UN,,0
Northern Bobwhite,F,S,0
Northern Bobwhite,H,,0
Northern Bobwhite,S,,0
Northern Bobwhite,A,,0
Northern Bobwhite,B,U,2
Northern Bobwhite,C,,0
Northern Bobwhite,M,,0
Northern Bobwhite,N,,0
Northern Bobwhite,P,,0
Northern Bobwhite,S7,,0
Northern Bobwhite,T,,0
Northern Bobwhite,CF,,0
Northern Bobwhite,CN,,0
Northern Bobwhite,DD,,0
Northern Bobwhite,FL,,0
Northern Bobwhite,FS,,0
Northern Bobwhite,FY,,0
Northern Bobwhite,NB,,0
Northern Bobwhite,NE,,0
Northern Bobwhite,NY,,0
Northern Bobwhite,ON,,0
Northern Bobwhite,PE,,0
Northern Bobwhite,UN,,0
Ruffed Grouse,F,S,0
Ruffed Grouse,H,,0
Ruffed Grouse,S,,0
Ruffed Grouse,A,,0
Ruffed Grouse,B,U,2
Ruffed Grouse,C,,0
Ruffed Grouse,M,,0
Ruffed Grouse,N,,0
Ruffed Grouse,P,,0
Ruffed Grouse,S7,,0
Ruffed Grouse,T,,0
Ruffed Grouse,CF,,0
Ruffed Grouse,CN,,0
Ruffed Grouse,DD,,0
Ruffed Grouse,FL,,0
Ruffed Grouse,FS,,0
Ruffed Grouse,FY,,0
Ruffed Grouse,NB,,0
Ruffed Grouse,NE,,0
Ruffed Grouse,NY,,0
Ruffed Grouse,ON,,0
Ruffed Grouse,PE,,0
Ruffed Grouse,UN,,0
Wild Turkey,F,S,0
Wild Turkey,H,,0
Wild Turkey,S,,0
Wild Turkey,A,,0
Wild Turkey,B,U,2
Wild Turkey,C,,0
Wild Turkey,M,,0
Wild Turkey,N,,0
Wild Turkey,P,,0
Wild Turkey,S7,,0
Wild Turkey,T,,0
Wild Turkey,CF,,0
Wild Turkey,CN,,0
Wild Turkey,DD,,0
Wild Turkey,FL,,0
Wild Turkey,FS,,0
Wild Turkey,FY,,0
Wild Turkey,NB,,0
Wild Turkey,NE,,0
Wild Turkey,NY,,0
Wild Turkey,ON,,0
Wild Turkey,PE,,0
Wild Turkey,UN,,0
American Coot,F,S,0
American Coot,H,,0
American Coot,S,,0
American Coot,A,,0
American Coot,B,U,2
American Coot,C,,0
American Coot,M,,0
American Coot,N,,0
American Coot,P,,0
American Coot,S7,,0
American Coot,T,,0
American Coot,CF,,0
American Coot,CN,,0
American Coot,DD,,0
American Coot,FL,,0
American Coot,FS,,0
American Coot,FY,,0
American Coot,NB,,0
American Coot,NE,,0
American Coot,NY,,0
American Coot,ON,,0
American Coot,PE,,0
American Coot,UN,,0
Common Gallinule,F,S,0
Common Gallinule,H,,0
Common Gallinule,S,,0
Common Gallinule,A,,0
Common Gallinule,B,U,2
Common Gallinule,C,,0
Common Gallinule,M,,0
Common Gallinule,N,,0
Common Gallinule,P,,0
Common Gallinule,S7,,0
Common Gallinule,T,,0
Common Gallinule,CF,,0
Common Gallinule,CN,,0
Common Gallinule,DD,,0
Common Gallinule,FL,,0
Common Gallinule,FS,,0
Common Gallinule,FY,,0
Common Gallinule,NB,,0
Common Gallinule,NE,,0
Common Gallinule,NY,,0
Common Gallinule,ON,,0
Common Gallinule,PE,,0
Common Gallinule,UN,,0
Black Rail,F,S,0
Black Rail,H,,0
Black Rail,S,,0
Black Rail,A,,0
Black Rail,B,U,2
Black Rail,C,,0
Black Rail,M,,0
Black Rail,N,,0
Black Rail,P,,0
Black Rail,S7,,0
Black Rail,T,,0
Black Rail,CF,,0
Black Rail,CN,,0
Black Rail,DD,,0
Black Rail,FL,,0
Black Rail,FS,,0
Black Rail,FY,,0
Black Rail,NB,,0
Black Rail,NE,,0
Black Rail,NY,,0
Black Rail,ON,,0
Black Rail,PE,,0
Black Rail,UN,,0
Clapper Rail,F,S,0
Clapper Rail,H,,0
Clapper Rail,S,,0
Clapper Rail,A,,0
Clapper Rail,B,U,2
Clapper Rail,C,,0
Clapper Rail,M,,0
Clapper Rail,N,,0
Clapper Rail,P,,0
Clapper Rail,S7,,0
Clapper Rail,T,,0
Clapper Rail,CF,,0
Clapper Rail,CN,,0
Clapper Rail,DD,,0
Clapper Rail,FL,,0
Clapper Rail,FS,,0
Clapper Rail,FY,,0
Clapper Rail,NB,,0
Clapper Rail,NE,,0
Clapper Rail,NY,,0
Clapper Rail,ON,,0
Clapper Rail,PE,,0
Clapper Rail,UN,,0
King Rail,F,S,0
King Rail,H,,0
King Rail,S,,0
King Rail,A,,0
King Rail,B,U,2
King Rail,C,,0
King Rail,M,,0
King Rail,N,,0
King Rail,P,,0
King Rail,S7,,0
King Rail,T,,0
King Rail,CF,,0
King Rail,CN,,0
King Rail,DD,,0
King Rail,FL,,0
King Rail,FS,,0
King Rail,FY,,0
King Rail,NB,,0
King Rail,NE,,0
King Rail,NY,,0
King Rail,ON,,0
King Rail,PE,,0
King Rail,UN,,0
Virginia Rail,F,S,0
Virginia Rail,H,,0
Virginia Rail,S,,0
Virginia Rail,A,,0
Virginia Rail,B,U,2
Virginia Rail,C,,0
Virginia Rail,M,,0
Virginia Rail,N,,0
Virginia Rail,P,,0
Virginia Rail,S7,,0
Virginia Rail,T,,0
Virginia Rail,CF,,0
Virginia Rail,CN,,0
Virginia Rail,DD,,0
Virginia Rail,FL,,0
Virginia Rail,FS,,0
Virginia Rail,FY,,0
Virginia Rail,NB,,0
Virginia Rail,NE,,0
Virginia Rail,NY,,0
Virginia Rail,ON,,0
Virginia Rail,PE,,0
Virginia Rail,UN,,0
Horned Lark,F,,0
Horned Lark,H,,0
Horned Lark,S,,0
Horned Lark,A,,0
Horned Lark,B,U,2
Horned Lark,C,,0
Horned Lark,M,,0
Horned Lark,N,,0
Horned Lark,P,,0
Horned Lark,S7,,0
Horned Lark,T,,0
Horned Lark,CF,,0
Horned Lark,CN,,0
Horned Lark,DD,,0
Horned Lark,FL,,0
Horned Lark,FS,,0
Horned Lark,FY,,0
Horned Lark,NB,,0
Horned Lark,NE,,0
Horned Lark,NY,,0
Horned Lark,ON,,0
Horned Lark,PE,,0
Horned Lark,UN,,0
Cedar Waxwing,F,,0
Cedar Waxwing,H,,0
Cedar Waxwing,S,,0
Cedar Waxwing,A,,0
Cedar Waxwing,B,U,2
Cedar Waxwing,C,,0
Cedar Waxwing,M,,0
Cedar Waxwing,N,,0
Cedar Waxwing,P,,0
Cedar Waxwing,S7,,0
Cedar Waxwing,T,,0
Cedar Waxwing,CF,,0
Cedar Waxwing,CN,,0
Cedar Waxwing,DD,,0
Cedar Waxwing,FL,,0
Cedar Waxwing,FS,,0
Cedar Waxwing,FY,,0
Cedar Waxwing,NB,,0
Cedar Waxwing,NE,,0
Cedar Waxwing,NY,,0
Cedar Waxwing,ON,,0
Cedar Waxwing,PE,,0
Cedar Waxwing,UN,,0
Northern Cardinal,F,,0
Northern Cardinal,H,,0
Northern Cardinal,S,,0
Northern Cardinal,A,,0
Northern Cardinal,B,U,2
Northern Cardinal,C,,0
Northern Cardinal,M,,0
Northern Cardinal,N,,0
Northern Cardinal,P,,0
Northern Cardinal,S7,,0
Northern Cardinal,T,,0
Northern Cardinal,CF,,0
Northern Cardinal,CN,,0
Northern Cardinal,DD,,0
Northern Cardinal,FL,,0
Northern Cardinal,FS,,0
Northern Cardinal,FY,,0
Northern Cardinal,NB,,0
Northern Cardinal,NE,,0
Northern Cardinal,NY,,0
Northern Cardinal,ON,,0
Northern Cardinal,PE,,0
Northern Cardinal,UN,,0
Blue Grosbeak,F,,0
Blue Grosbeak,H,,0
Blue Grosbeak,S,,0
Blue Grosbeak,A,,0
Blue Grosbeak,B,U,2
Blue Grosbeak,C,,0
Blue Grosbeak,M,,0
Blue Grosbeak,N,,0
Blue Grosbeak,P,,0
Blue Grosbeak,S7,,0
Blue Grosbeak,T,,0
Blue Grosbeak,CF,,0
Blue Grosbeak,CN,,0
Blue Grosbeak,DD,,0
Blue Grosbeak,FL,,0
Blue Grosbeak,FS,,0
Blue Grosbeak,FY,,0
Blue Grosbeak,NB,,0
Blue Grosbeak,NE,,0
Blue Grosbeak,NY,,0
Blue Grosbeak,ON,,0
Blue Grosbeak,PE,,0
Blue Grosbeak,UN,,0
Painted Bunting,F,,0
Painted Bunting,H,,0
Painted Bunting,S,,0
Painted Bunting,A,,0
Painted Bunting,B,U,2
Painted Bunting,C,,0
Painted Bunting,M,,0
Painted Bunting,N,,0
Painted Bunting,P,,0
Painted Bunting,S7,,0
Painted Bunting,T,,0
Painted Bunting,CF,,0
Painted Bunting,CN,,0
Painted Bunting,DD,,0
Painted Bunting,FL,,0
Painted Bunting,FS,,0
Painted Bunting,FY,,0
Painted Bunting,NB,,0
Painted Bunting,NE,,0
Painted Bunting,NY,,0
Painted Bunting,ON,,0
Painted Bunting,PE,,0
Painted Bunting,UN,,0
Indigo Bunting,F,,0
Indigo Bunting,H,,0
Indigo Bunting,S,,0
Indigo Bunting,A,,0
Indigo Bunting,B,U,2
Indigo Bunting,C,,0
Indigo Bunting,M,,0
Indigo Bunting,N,,0
Indigo Bunting,P,,0
Indigo Bunting,S7,,0
Indigo Bunting,T,,0
Indigo Bunting,CF,,0
Indigo Bunting,CN,,0
Indigo Bunting,DD,,0
Indigo Bunting,FL,,0
Indigo Bunting,FS,,0
Indigo Bunting,FY,,0
Indigo Bunting,NB,,0
Indigo Bunting,NE,,0
Indigo Bunting,NY,,0
Indigo Bunting,ON,,0
Indigo Bunting,PE,,0
Indigo Bunting,UN,,0
Rose-breasted Grosbeak,F,,0
Rose-breasted Grosbeak,H,,0
Rose-breasted Grosbeak,S,,0
Rose-breasted Grosbeak,A,,0
Rose-breasted Grosbeak,B,U,2
Rose-breasted Grosbeak,C,,0
Rose-breasted Grosbeak,M,,0
Rose-breasted Grosbeak,N,,0
Rose-breasted Grosbeak,P,,0
Rose-breasted Grosbeak,S7,,0
Rose-breasted Grosbeak,T,,0
Rose-breasted Grosbeak,CF,,0
Rose-breasted Grosbeak,CN,,0
Rose-breasted Grosbeak,DD,,0
Rose-breasted Grosbeak,FL,,0
Rose-breasted Grosbeak,FS,,0
Rose-breasted Grosbeak,FY,,0
Rose-breasted Grosbeak,NB,,0
Rose-breasted Grosbeak,NE,,0
Rose-breasted Grosbeak,NY,,0
Rose-breasted Grosbeak,ON,,0
Rose-breasted Grosbeak,PE,,0
Rose-breasted Grosbeak,UN,,0
Scarlet Tanager,F,,0
Scarlet Tanager,H,,0
Scarlet Tanager,S,,0
Scarlet Tanager,A,,0
Scarlet Tanager,B,U,2
Scarlet Tanager,C,,0
Scarlet Tanager,M,,0
Scarlet Tanager,N,,0
Scarlet Tanager,P,,0
Scarlet Tanager,S7,,0
Scarlet Tanager,T,,0
Scarlet Tanager,CF,,0
Scarlet Tanager,CN,,0
Scarlet Tanager,DD,,0
Scarlet Tanager,FL,,0
Scarlet Tanager,FS,,0
Scarlet Tanager,FY,,0
Scarlet Tanager,NB,,0
Scarlet Tanager,NE,,0
Scarlet Tanager,NY,,0
Scarlet Tanager,ON,,0
Scarlet Tanager,PE,,0
Scarlet Tanager,UN,,0
Summer Tanager,F,,0
Summer Tanager,H,,0
Summer Tanager,S,,0
Summer Tanager,A,,0
Summer Tanager,B,U,2
Summer Tanager,C,,0
Summer Tanager,M,,0
Summer Tanager,N,,0
Summer Tanager,P,,0
Summer Tanager,S7,,0
Summer Tanager,T,,0
Summer Tanager,CF,,0
Summer Tanager,CN,,0
Summer Tanager,DD,,0
Summer Tanager,FL,,0
Summer Tanager,FS,,0
Summer Tanager,FY,,0
Summer Tanager,NB,,0
Summer Tanager,NE,,0
Summer Tanager,NY,,0
Summer Tanager,ON,,0
Summer Tanager,PE,,0
Summer Tanager,UN,,0
Dickcissel,F,,0
Dickcissel,H,,0
Dickcissel,S,,0
Dickcissel,A,,0
Dickcissel,B,U,2
Dickcissel,C,,0
Dickcissel,M,,0
Dickcissel,N,,0
Dickcissel,P,,0
Dickcissel,S7,,0
Dickcissel,T,,0
Dickcissel,CF,,0
Dickcissel,CN,,0
Dickcissel,DD,,0
Dickcissel,FL,,0
Dickcissel,FS,,0
Dickcissel,FY,,0
Dickcissel,NB,,0
Dickcissel,NE,,0
Dickcissel,NY,,0
Dickcissel,ON,,0
Dickcissel,PE,,0
Dickcissel,UN,,0
Brown Creeper,F,,0
Brown Creeper,H,,0
Brown Creeper,S,,0
Brown Creeper,A,,0
Brown Creeper,B,U,2
Brown Creeper,C,,0
Brown Creeper,M,,0
Brown Creeper,N,,0
Brown Creeper,P,,0
Brown Creeper,S7,,0
Brown Creeper,T,,0
Brown Creeper,CF,,0
Brown Creeper,CN,,0
Brown Creeper,DD,,0
Brown Creeper,FL,,0
Brown Creeper,FS,,0
Brown Creeper,FY,,0
Brown Creeper,NB,,0
Brown Creeper,NE,,0
Brown Creeper,NY,,0
Brown Creeper,ON,,0
Brown Creeper,PE,,0
Brown Creeper,UN,,0
American Crow,F,S,0
American Crow,H,,0
American Crow,S,U,2
American Crow,A,,0
American Crow,B,U,2
American Crow,C,,0
American Crow,M,,0
American Crow,N,,0
American Crow,P,,0
American Crow,S7,U,2
American Crow,T,,0
American Crow,CF,,0
American Crow,CN,,0
American Crow,DD,,0
American Crow,FL,,0
American Crow,FS,,0
American Crow,FY,,0
American Crow,NB,,0
American Crow,NE,,0
American Crow,NY,,0
American Crow,ON,,0
American Crow,PE,,0
American Crow,UN,,0
Common Raven,F,S,0
Common Raven,H,,0
Common Raven,S,U,2
Common Raven,A,,0
Common Raven,B,U,2
Common Raven,C,,0
Common Raven,M,,0
Common Raven,N,,0
Common Raven,P,,0
Common Raven,S7,U,2
Common Raven,T,,0
Common Raven,CF,,0
Common Raven,CN,,0
Common Raven,DD,,0
Common Raven,FL,,0
Common Raven,FS,,0
Common Raven,FY,,0
Common Raven,NB,,0
Common Raven,NE,,0
Common Raven,NY,,0
Common Raven,ON,,0
Common Raven,PE,,0
Common Raven,UN,,0
Fish Crow,F,S,0
Fish Crow,H,,0
Fish Crow,S,U,2
Fish Crow,A,,0
Fish Crow,B,U,2
Fish Crow,C,,0
Fish Crow,M,,0
Fish Crow,N,,0
Fish Crow,P,,0
Fish Crow,S7,U,2
Fish Crow,T,,0
Fish Crow,CF,,0
Fish Crow,CN,,0
Fish Crow,DD,,0
Fish Crow,FL,,0
Fish Crow,FS,,0
Fish Crow,FY,,0
Fish Crow,NB,,0
Fish Crow,NE,,0
Fish Crow,NY,,0
Fish Crow,ON,,0
Fish Crow,PE,,0
Fish Crow,UN,,0
Blue Jay,F,S,0
Blue Jay,H,,0
Blue Jay,S,U,2
Blue Jay,A,,0
Blue Jay,B,U,2
Blue Jay,C,,0
Blue Jay,M,,0
Blue Jay,N,,0
Blue Jay,P,,0
Blue Jay,S7,U,2
Blue Jay,T,,0
Blue Jay,CF,,0
Blue Jay,CN,,0
Blue Jay,DD,,0
Blue Jay,FL,,0
Blue Jay,FS,,0
Blue Jay,FY,,0
Blue Jay,NB,,0
Blue Jay,NE,,0
Blue Jay,NY,,0
Blue Jay,ON,,0
Blue Jay,PE,,0
Blue Jay,UN,,0
Red Crossbill,F,,0
Red Crossbill,H,,0
Red Crossbill,S,,0
Red Crossbill,A,,0
Red Crossbill,B,U,2
Red Crossbill,C,,0
Red Crossbill,M,,0
Red Crossbill,N,,0
Red Crossbill,P,,0
Red Crossbill,S7,,0
Red Crossbill,T,,0
Red Crossbill,CF,,0
Red Crossbill,CN,,0
Red Crossbill,DD,,0
Red Crossbill,FL,,0
Red Crossbill,FS,,0
Red Crossbill,FY,,0
Red Crossbill,NB,,0
Red Crossbill,NE,,0
Red Crossbill,NY,,0
Red Crossbill,ON,,0
Red Crossbill,PE,,0
Red Crossbill,UN,,0
Pine Siskin,F,,0
Pine Siskin,H,,0
Pine Siskin,S,,0
Pine Siskin,A,,0
Pine Siskin,B,U,2
Pine Siskin,C,,0
Pine Siskin,M,,0
Pine Siskin,N,,0
Pine Siskin,P,,0
Pine Siskin,S7,,0
Pine Siskin,T,,0
Pine Siskin,CF,,0
Pine Siskin,CN,,0
Pine Siskin,DD,,0
Pine Siskin,FL,,0
Pine Siskin,FS,,0
Pine Siskin,FY,,0
Pine Siskin,NB,,0
Pine Siskin,NE,,0
Pine Siskin,NY,,0
Pine Siskin,ON,,0
Pine Siskin,PE,,0
Pine Siskin,UN,,0
Barn Swallow,F,,0
Barn Swallow,H,,0
Barn Swallow,S,,0
Barn Swallow,A,,0
Barn Swallow,B,U,2
Barn Swallow,C,,0
Barn Swallow,M,,0
Barn Swallow,N,,0
Barn Swallow,P,,0
Barn Swallow,S7,,0
Barn Swallow,T,,0
Barn Swallow,CF,,0
Barn Swallow,CN,,0
Barn Swallow,DD,,0
Barn Swallow,FL,,0
Barn Swallow,FS,,0
Barn Swallow,FY,,0
Barn Swallow,NB,,0
Barn Swallow,NE,,0
Barn Swallow,NY,,0
Barn Swallow,ON,,0
Barn Swallow,PE,,0
Barn Swallow,UN,,0
Cliff Swallow,F,,0
Cliff Swallow,H,,0
Cliff Swallow,S,,0
Cliff Swallow,A,,0
Cliff Swallow,B,U,2
Cliff Swallow,C,,0
Cliff Swallow,M,,0
Cliff Swallow,N,,0
Cliff Swallow,P,,0
Cliff Swallow,S7,,0
Cliff Swallow,T,,0
Cliff Swallow,CF,,0
Cliff Swallow,CN,,0
Cliff Swallow,DD,,0
Cliff Swallow,FL,,0
Cliff Swallow,FS,,0
Cliff Swallow,FY,,0
Cliff Swallow,NB,,0
Cliff Swallow,NE,,0
Cliff Swallow,NY,,0
Cliff Swallow,ON,,0
Cliff Swallow,PE,,0
Cliff Swallow,UN,,0
Purple Martin,F,,0
Purple Martin,H,,0
Purple Martin,S,,0
Purple Martin,A,,0
Purple Martin,B,U,2
Purple Martin,C,,0
Purple Martin,M,,0
Purple Martin,N,,0
Purple Martin,P,,0
Purple Martin,S7,,0
Purple Martin,T,,0
Purple Martin,CF,,0
Purple Martin,CN,,0
Purple Martin,DD,,0
Purple Martin,FL,,0
Purple Martin,FS,,0
Purple Martin,FY,,0
Purple Martin,NB,,0
Purple Martin,NE,,0
Purple Martin,NY,,0
Purple Martin,ON,,0
Purple Martin,PE,,0
Purple Martin,UN,,0
Bank Swallow,F,,0
Bank Swallow,H,,0
Bank Swallow,S,,0
Bank Swallow,A,,0
Bank Swallow,B,U,2
Bank Swallow,C,,0
Bank Swallow,M,,0
Bank Swallow,N,,0
Bank Swallow,P,,0
Bank Swallow,S7,,0
Bank Swallow,T,,0
Bank Swallow,CF,,0
Bank Swallow,CN,,0
Bank Swallow,DD,,0
Bank Swallow,FL,,0
Bank Swallow,FS,,0
Bank Swallow,FY,,0
Bank Swallow,NB,,0
Bank Swallow,NE,,0
Bank Swallow,NY,,0
Bank Swallow,ON,,0
Bank Swallow,PE,,0
Bank Swallow,UN,,0
Northern Rough-winged Swallow,F,,0
Northern Rough-winged Swallow,H,,0
Northern Rough-winged Swallow,S,,0
Northern Rough-winged Swallow,A,,0
Northern Rough-winged Swallow,B,U,2
Northern Rough-winged Swallow,C,,0
Northern Rough-winged Swallow,M,,0
Northern Rough-winged Swallow,N,,0
Northern Rough-winged Swallow,P,,0
Northern Rough-winged Swallow,S7,,0
Northern Rough-winged Swallow,T,,0
Northern Rough-winged Swallow,CF,,0
Northern Rough-winged Swallow,CN,,0
Northern Rough-winged Swallow,DD,,0
Northern Rough-winged Swallow,FL,,0
Northern Rough-winged Swallow,FS,,0
Northern Rough-winged Swallow,FY,,0
Northern Rough-winged Swallow,NB,,0
Northern Rough-winged Swallow,NE,,0
Northern Rough-winged Swallow,NY,,0
Northern Rough-winged Swallow,ON,,0
Northern Rough-winged Swallow,PE,,0
Northern Rough-winged Swallow,UN,,0
Tree Swallow,F,,0
Tree Swallow,H,,0
Tree Swallow,S,,0
Tree Swallow,A,,0
Tree Swallow,B,U,2
Tree Swallow,C,,0
Tree Swallow,M,,0
Tree Swallow,N,,0
Tree Swallow,P,,0
Tree Swallow,S7,,0
Tree Swallow,T,,0
Tree Swallow,CF,,0
Tree Swallow,CN,,0
Tree Swallow,DD,,0
Tree Swallow,FL,,0
Tree Swallow,FS,,0
Tree Swallow,FY,,0
Tree Swallow,NB,,0
Tree Swallow,NE,,0
Tree Swallow,NY,,0
Tree Swallow,ON,,0
Tree Swallow,PE,,0
Tree Swallow,UN,,0
Red-winged Blackbird,F,,0
Red-winged Blackbird,H,,0
Red-winged Blackbird,S,,0
Red-winged Blackbird,A,,0
Red-winged Blackbird,B,U,2
Red-winged Blackbird,C,,0
Red-winged Blackbird,M,,0
Red-winged Blackbird,N,,0
Red-winged Blackbird,P,,0
Red-winged Blackbird,S7,,0
Red-winged Blackbird,T,,0
Red-winged Blackbird,CF,,0
Red-winged Blackbird,CN,,0
Red-winged Blackbird,DD,,0
Red-winged Blackbird,FL,,0
Red-winged Blackbird,FS,,0
Red-winged Blackbird,FY,,0
Red-winged Blackbird,NB,,0
Red-winged Blackbird,NE,,0
Red-winged Blackbird,NY,,0
Red-winged Blackbird,ON,,0
Red-winged Blackbird,PE,,0
Red-winged Blackbird,UN,,0
Bobolink,F,,0
Bobolink,H,,0
Bobolink,S,,0
Bobolink,A,,0
Bobolink,B,U,2
Bobolink,C,,0
Bobolink,M,,0
Bobolink,N,,0
Bobolink,P,,0
Bobolink,S7,,0
Bobolink,T,,0
Bobolink,CF,,0
Bobolink,CN,,0
Bobolink,DD,,0
Bobolink,FL,,0
Bobolink,FS,,0
Bobolink,FY,,0
Bobolink,NB,,0
Bobolink,NE,,0
Bobolink,NY,,0
Bobolink,ON,,0
Bobolink,PE,,0
Bobolink,UN,,0
Baltimore Oriole,F,,0
Baltimore Oriole,H,,0
Baltimore Oriole,S,,0
Baltimore Oriole,A,,0
Baltimore Oriole,B,U,2
Baltimore Oriole,C,,0
Baltimore Oriole,M,,0
Baltimore Oriole,N,,0
Baltimore Oriole,P,,0
Baltimore Oriole,S7,,0
Baltimore Oriole,T,,0
Baltimore Oriole,CF,,0
Baltimore Oriole,CN,,0
Baltimore Oriole,DD,,0
Baltimore Oriole,FL,,0
Baltimore Oriole,FS,,0
Baltimore Oriole,FY,,0
Baltimore Oriole,NB,,0
Baltimore Oriole,NE,,0
Baltimore Oriole,NY,,0
Baltimore Oriole,ON,,0
Baltimore Oriole,PE,,0
Baltimore Oriole,UN,,0
Orchard Oriole,F,,0
Orchard Oriole,H,,0
Orchard Oriole,S,,0
Orchard Oriole,A,,0
Orchard Oriole,B,U,2
Orchard Oriole,C,,0
Orchard Oriole,M,,0
Orchard Oriole,N,,0
Orchard Oriole,P,,0
Orchard Oriole,S7,,0
Orchard Oriole,T,,0
Orchard Oriole,CF,,0
Orchard Oriole,CN,,0
Orchard Oriole,DD,,0
Orchard Oriole,FL,,0
Orchard Oriole,FS,,0
Orchard Oriole,FY,,0
Orchard Oriole,NB,,0
Orchard Oriole,NE,,0
Orchard Oriole,NY,,0
Orchard Oriole,ON,,0
Orchard Oriole,PE,,0
Orchard Oriole,UN,,0
Brown-headed Cowbird,F,,0
Brown-headed Cowbird,H,,0
Brown-headed Cowbird,S,,0
Brown-headed Cowbird,A,,0
Brown-headed Cowbird,B,U,2
Brown-headed Cowbird,C,,0
Brown-headed Cowbird,M,,0
Brown-headed Cowbird,N,,0
Brown-headed Cowbird,P,,0
Brown-headed Cowbird,S7,,0
Brown-headed Cowbird,T,,0
Brown-headed Cowbird,CF,,0
Brown-headed Cowbird,CN,,0
Brown-headed Cowbird,DD,,0
Brown-headed Cowbird,FL,,0
Brown-headed Cowbird,FS,,0
Brown-headed Cowbird,FY,,0
Brown-headed Cowbird,NB,,0
Brown-headed Cowbird,NE,,0
Brown-headed Cowbird,NY,,0
Brown-headed Cowbird,ON,,0
Brown-headed Cowbird,PE,,0
Brown-headed Cowbird,UN,,0
Boat-tailed Grackle,F,,0
Boat-tailed Grackle,H,,0
Boat-tailed Grackle,S,,0
Boat-tailed Grackle,A,,0
Boat-tailed Grackle,B,U,2
Boat-tailed Grackle,C,,0
Boat-tailed Grackle,M,,0
Boat-tailed Grackle,N,,0
Boat-tailed Grackle,P,,0
Boat-tailed Grackle,S7,,0
Boat-tailed Grackle,T,,0
Boat-tailed Grackle,CF,,0
Boat-tailed Grackle,CN,,0
Boat-tailed Grackle,DD,,0
Boat-tailed Grackle,FL,,0
Boat-tailed Grackle,FS,,0
Boat-tailed Grackle,FY,,0
Boat-tailed Grackle,NB,,0
Boat-tailed Grackle,NE,,0
Boat-tailed Grackle,NY,,0
Boat-tailed Grackle,ON,,0
Boat-tailed Grackle,PE,,0
Boat-tailed Grackle,UN,,0
Common Grackle,F,,0
Common Grackle,H,,0
Common Grackle,S,,0
Common Grackle,A,,0
Common Grackle,B,U,2
Common Grackle,C,,0
Common Grackle,M,,0
Common Grackle,N,,0
Common Grackle,P,,0
Common Grackle,S7,,0
Common Grackle,T,,0
Common Grackle,CF,,0
Common Grackle,CN,,0
Common Grackle,DD,,0
Common Grackle,FL,,0
Common Grackle,FS,,0
Common Grackle,FY,,0
Common Grackle,NB,,0
Common Grackle,NE,,0
Common Grackle,NY,,0
Common Grackle,ON,,0
Common Grackle,PE,,0
Common Grackle,UN,,0
Eastern Meadowlark,F,,0
Eastern Meadowlark,H,,0
Eastern Meadowlark,S,,0
Eastern Meadowlark,A,,0
Eastern Meadowlark,B,U,2
Eastern Meadowlark,C,,0
Eastern Meadowlark,M,,0
Eastern Meadowlark,N,,0
Eastern Meadowlark,P,,0
Eastern Meadowlark,S7,,0
Eastern Meadowlark,T,,0
Eastern Meadowlark,CF,,0
Eastern Meadowlark,CN,,0
Eastern Meadowlark,DD,,0
Eastern Meadowlark,FL,,0
Eastern Meadowlark,FS,,0
Eastern Meadowlark,FY,,0
Eastern Meadowlark,NB,,0
Eastern Meadowlark,NE,,0
Eastern Meadowlark,NY,,0
Eastern Meadowlark,ON,,0
Eastern Meadowlark,PE,,0
Eastern Meadowlark,UN,,0
Yellow-breasted Chat,F,,0
Yellow-breasted Chat,H,,0
Yellow-breasted Chat,S,,0
Yellow-breasted Chat,A,,0
Yellow-breasted Chat,B,U,2
Yellow-breasted Chat,C,,0
Yellow-breasted Chat,M,,0
Yellow-breasted Chat,N,,0
Yellow-breasted Chat,P,,0
Yellow-breasted Chat,S7,,0
Yellow-breasted Chat,T,,0
Yellow-breasted Chat,CF,,0
Yellow-breasted Chat,CN,,0
Yellow-breasted Chat,DD,,0
Yellow-breasted Chat,FL,,0
Yellow-breasted Chat,FS,,0
Yellow-breasted Chat,FY,,0
Yellow-breasted Chat,NB,,0
Yellow-breasted Chat,NE,,0
Yellow-breasted Chat,NY,,0
Yellow-breasted Chat,ON,,0
Yellow-breasted Chat,PE,,0
Yellow-breasted Chat,UN,,0
Loggerhead Shrike,F,,0
Loggerhead Shrike,H,,0
Loggerhead Shrike,S,,0
Loggerhead Shrike,A,,0
Loggerhead Shrike,B,U,2
Loggerhead Shrike,C,,0
Loggerhead Shrike,M,,0
Loggerhead Shrike,N,,0
Loggerhead Shrike,P,,0
Loggerhead Shrike,S7,,0
Loggerhead Shrike,T,,0
Loggerhead Shrike,CF,,0
Loggerhead Shrike,CN,,0
Loggerhead Shrike,DD,,0
Loggerhead Shrike,FL,,0
Loggerhead Shrike,FS,,0
Loggerhead Shrike,FY,,0
Loggerhead Shrike,NB,,0
Loggerhead Shrike,NE,,0
Loggerhead Shrike,NY,,0
Loggerhead Shrike,ON,,0
Loggerhead Shrike,PE,,0
Loggerhead Shrike,UN,,0
Gray Catbird,F,,0
Gray Catbird,H,,0
Gray Catbird,S,,0
Gray Catbird,A,,0
Gray Catbird,B,U,2
Gray Catbird,C,,0
Gray Catbird,M,,0
Gray Catbird,N,,0
Gray Catbird,P,,0
Gray Catbird,S7,,0
Gray Catbird,T,,0
Gray Catbird,CF,,0
Gray Catbird,CN,,0
Gray Catbird,DD,,0
Gray Catbird,FL,,0
Gray Catbird,FS,,0
Gray Catbird,FY,,0
Gray Catbird,NB,,0
Gray Catbird,NE,,0
Gray Catbird,NY,,0
Gray Catbird,ON,,0
Gray Catbird,PE,,0
Gray Catbird,UN,,0
Northern Mockingbird,F,,0
Northern Mockingbird,H,,0
Northern Mockingbird,S,,0
Northern Mockingbird,A,,0
Northern Mockingbird,B,U,2
Northern Mockingbird,C,,0
Northern Mockingbird,M,,0
Northern Mockingbird,N,,0
Northern Mockingbird,P,,0
Northern Mockingbird,S7,,0
Northern Mockingbird,T,,0
Northern Mockingbird,CF,,0
Northern Mockingbird,CN,,0
Northern Mockingbird,DD,,0
Northern Mockingbird,FL,,0
Northern Mockingbird,FS,,0
Northern Mockingbird,FY,,0
Northern Mockingbird,NB,,0
Northern Mockingbird,NE,,0
Northern Mockingbird,NY,,0
Northern Mockingbird,ON,,0
Northern Mockingbird,PE,,0
Northern Mockingbird,UN,,0
Brown Thrasher,F,,0
Brown Thrasher,H,,0
Brown Thrasher,S,,0
Brown Thrasher,A,,0
Brown Thrasher,B,U,2
Brown Thrasher,C,,0
Brown Thrasher,M,,0
Brown Thrasher,N,,0
Brown Thrasher,P,,0
Brown Thrasher,S7,,0
Brown Thrasher,T,,0
Brown Thrasher,CF,,0
Brown Thrasher,CN,,0
Brown Thrasher,DD,,0
Brown Thrasher,FL,,0
Brown Thrasher,FS,,0
Brown Thrasher,FY,,0
Brown Thrasher,NB,,0
Brown Thrasher,NE,,0
Brown Thrasher,NY,,0
Brown Thrasher,ON,,0
Brown Thrasher,PE,,0
Brown Thrasher,UN,,0
Tufted Titmouse,F,,0
Tufted Titmouse,H,,0
Tufted Titmouse,S,,0
Tufted Titmouse,A,,0
Tufted Titmouse,B,U,2
Tufted Titmouse,C,,0
Tufted Titmouse,M,,0
Tufted Titmouse,N,,0
Tufted Titmouse,P,,0
Tufted Titmouse,S7,,0
Tufted Titmouse,T,,0
Tufted Titmouse,CF,,0
Tufted Titmouse,CN,,0
Tufted Titmouse,DD,,0
Tufted Titmouse,FL,,0
Tufted Titmouse,FS,,0
Tufted Titmouse,FY,,0
Tufted Titmouse,NB,,0
Tufted Titmouse,NE,,0
Tufted Titmouse,NY,,0
Tufted Titmouse,ON,,0
Tufted Titmouse,PE,,0
Tufted Titmouse,UN,,0
Black-capped Chickadee,F,,0
Black-capped Chickadee,H,,0
Black-capped Chickadee,S,,0
Black-capped Chickadee,A,,0
Black-capped Chickadee,B,U,2
Black-capped Chickadee,C,,0
Black-capped Chickadee,M,,0
Black-capped Chickadee,N,,0
Black-capped Chickadee,P,,0
Black-capped Chickadee,S7,,0
Black-capped Chickadee,T,,0
Black-capped Chickadee,CF,,0
Black-capped Chickadee,CN,,0
Black-capped Chickadee,DD,,0
Black-capped Chickadee,FL,,0
Black-capped Chickadee,FS,,0
Black-capped Chickadee,FY,,0
Black-capped Chickadee,NB,,0
Black-capped Chickadee,NE,,0
Black-capped Chickadee,NY,,0
Black-capped Chickadee,ON,,0
Black-capped Chickadee,PE,,0
Black-capped Chickadee,UN,,0
Carolina Chickadee,F,,0
Carolina Chickadee,H,,0
Carolina Chickadee,S,,0
Carolina Chickadee,A,,0
Carolina Chickadee,B,U,2
Carolina Chickadee,C,,0
Carolina Chickadee,M,,0
Carolina Chickadee,N,,0
Carolina Chickadee,P,,0
Carolina Chickadee,S7,,0
Carolina Chickadee,T,,0
Carolina Chickadee,CF,,0
Carolina Chickadee,CN,,0
Carolina Chickadee,DD,,0
Carolina Chickadee,FL,,0
Carolina Chickadee,FS,,0
Carolina Chickadee,FY,,0
Carolina Chickadee,NB,,0
Carolina Chickadee,NE,,0
Carolina Chickadee,NY,,0
Carolina Chickadee,ON,,0
Carolina Chickadee,PE,,0
Carolina Chickadee,UN,,0
Canada Warbler,F,,0
Canada Warbler,H,,0
Canada Warbler,S,,0
Canada Warbler,A,,0
Canada Warbler,B,U,2
Canada Warbler,C,,0
Canada Warbler,M,,0
Canada Warbler,N,,0
Canada Warbler,P,,0
Canada Warbler,S7,,0
Canada Warbler,T,,0
Canada Warbler,CF,,0
Canada Warbler,CN,,0
Canada Warbler,DD,,0
Canada Warbler,FL,,0
Canada Warbler,FS,,0
Canada Warbler,FY,,0
Canada Warbler,NB,,0
Canada Warbler,NE,,0
Canada Warbler,NY,,0
Canada Warbler,ON,,0
Canada Warbler,PE,,0
Canada Warbler,UN,,0
Kentucky Warbler,F,,0
Kentucky Warbler,H,,0
Kentucky Warbler,S,,0
Kentucky Warbler,A,,0
Kentucky Warbler,B,U,2
Kentucky Warbler,C,,0
Kentucky Warbler,M,,0
Kentucky Warbler,N,,0
Kentucky Warbler,P,,0
Kentucky Warbler,S7,,0
Kentucky Warbler,T,,0
Kentucky Warbler,CF,,0
Kentucky Warbler,CN,,0
Kentucky Warbler,DD,,0
Kentucky Warbler,FL,,0
Kentucky Warbler,FS,,0
Kentucky Warbler,FY,,0
Kentucky Warbler,NB,,0
Kentucky Warbler,NE,,0
Kentucky Warbler,NY,,0
Kentucky Warbler,ON,,0
Kentucky Warbler,PE,,0
Kentucky Warbler,UN,,0
Common Yellowthroat,F,,0
Common Yellowthroat,H,,0
Common Yellowthroat,S,,0
Common Yellowthroat,A,,0
Common Yellowthroat,B,U,2
Common Yellowthroat,C,,0
Common Yellowthroat,M,,0
Common Yellowthroat,N,,0
Common Yellowthroat,P,,0
Common Yellowthroat,S7,,0
Common Yellowthroat,T,,0
Common Yellowthroat,CF,,0
Common Yellowthroat,CN,,0
Common Yellowthroat,DD,,0
Common Yellowthroat,FL,,0
Common Yellowthroat,FS,,0
Common Yellowthroat,FY,,0
Common Yellowthroat,NB,,0
Common Yellowthroat,NE,,0
Common Yellowthroat,NY,,0
Common Yellowthroat,ON,,0
Common Yellowthroat,PE,,0
Common Yellowthroat,UN,,0
Worm-eating Warbler,F,,0
Worm-eating Warbler,H,,0
Worm-eating Warbler,S,,0
Worm-eating Warbler,A,,0
Worm-eating Warbler,B,U,2
Worm-eating Warbler,C,,0
Worm-eating Warbler,M,,0
Worm-eating Warbler,N,,0
Worm-eating Warbler,P,,0
Worm-eating Warbler,S7,,0
Worm-eating Warbler,T,,0
Worm-eating Warbler,CF,,0
Worm-eating Warbler,CN,,0
Worm-eating Warbler,DD,,0
Worm-eating Warbler,FL,,0
Worm-eating Warbler,FS,,0
Worm-eating Warbler,FY,,0
Worm-eating Warbler,NB,,0
Worm-eating Warbler,NE,,0
Worm-eating Warbler,NY,,0
Worm-eating Warbler,ON,,0
Worm-eating Warbler,PE,,0
Worm-eating Warbler,UN,,0
Swainsons Warbler,F,,0
Swainsons Warbler,H,,0
Swainsons Warbler,S,,0
Swainsons Warbler,A,,0
Swainsons Warbler,B,U,2
Swainsons Warbler,C,,0
Swainsons Warbler,M,,0
Swainsons Warbler,N,,0
Swainsons Warbler,P,,0
Swainsons Warbler,S7,,0
Swainsons Warbler,T,,0
Swainsons Warbler,CF,,0
Swainsons Warbler,CN,,0
Swainsons Warbler,DD,,0
Swainsons Warbler,FL,,0
Swainsons Warbler,FS,,0
Swainsons Warbler,FY,,0
Swainsons Warbler,NB,,0
Swainsons Warbler,NE,,0
Swainsons Warbler,NY,,0
Swainsons Warbler,ON,,0
Swainsons Warbler,PE,,0
Swainsons Warbler,UN,,0
Black-and-white Warbler,F,,0
Black-and-white Warbler,H,,0
Black-and-white Warbler,S,,0
Black-and-white Warbler,A,,0
Black-and-white Warbler,B,U,2
Black-and-white Warbler,C,,0
Black-and-white Warbler,M,,0
Black-and-white Warbler,N,,0
Black-and-white Warbler,P,,0
Black-and-white Warbler,S7,,0
Black-and-white Warbler,T,,0
Black-and-white Warbler,CF,,0
Black-and-white Warbler,CN,,0
Black-and-white Warbler,DD,,0
Black-and-white Warbler,FL,,0
Black-and-white Warbler,FS,,0
Black-and-white Warbler,FY,,0
Black-and-white Warbler,NB,,0
Black-and-white Warbler,NE,,0
Black-and-white Warbler,NY,,0
Black-and-white Warbler,ON,,0
Black-and-white Warbler,PE,,0
Black-and-white Warbler,UN,,0
Louisiana Waterthrush,F,,0
Louisiana Waterthrush,H,,0
Louisiana Waterthrush,S,,0
Louisiana Waterthrush,A,,0
Louisiana Waterthrush,B,U,2
Louisiana Waterthrush,C,,0
Louisiana Waterthrush,M,,0
Louisiana Waterthrush,N,,0
Louisiana Waterthrush,P,,0
Louisiana Waterthrush,S7,,0
Louisiana Waterthrush,T,,0
Louisiana Waterthrush,CF,,0
Louisiana Waterthrush,CN,,0
Louisiana Waterthrush,DD,,0
Louisiana Waterthrush,FL,,0
Louisiana Waterthrush,FS,,0
Louisiana Waterthrush,FY,,0
Louisiana Waterthrush,NB,,0
Louisiana Waterthrush,NE,,0
Louisiana Waterthrush,NY,,0
Louisiana Waterthrush,ON,,0
Louisiana Waterthrush,PE,,0
Louisiana Waterthrush,UN,,0
Prothonotary Warbler,F,,0
Prothonotary Warbler,H,,0
Prothonotary Warbler,S,,0
Prothonotary Warbler,A,,0
Prothonotary Warbler,B,U,2
Prothonotary Warbler,C,,0
Prothonotary Warbler,M,,0
Prothonotary Warbler,N,,0
Prothonotary Warbler,P,,0
Prothonotary Warbler,S7,,0
Prothonotary Warbler,T,,0
Prothonotary Warbler,CF,,0
Prothonotary Warbler,CN,,0
Prothonotary Warbler,DD,,0
Prothonotary Warbler,FL,,0
Prothonotary Warbler,FS,,0
Prothonotary Warbler,FY,,0
Prothonotary Warbler,NB,,0
Prothonotary Warbler,NE,,0
Prothonotary Warbler,NY,,0
Prothonotary Warbler,ON,,0
Prothonotary Warbler,PE,,0
Prothonotary Warbler,UN,,0
Ovenbird,F,,0
Ovenbird,H,,0
Ovenbird,S,,0
Ovenbird,A,,0
Ovenbird,B,U,2
Ovenbird,C,,0
Ovenbird,M,,0
Ovenbird,N,,0
Ovenbird,P,,0
Ovenbird,S7,,0
Ovenbird,T,,0
Ovenbird,CF,,0
Ovenbird,CN,,0
Ovenbird,DD,,0
Ovenbird,FL,,0
Ovenbird,FS,,0
Ovenbird,FY,,0
Ovenbird,NB,,0
Ovenbird,NE,,0
Ovenbird,NY,,0
Ovenbird,ON,,0
Ovenbird,PE,,0
Ovenbird,UN,,0
Northern Parula,F,,0
Northern Parula,H,,0
Northern Parula,S,,0
Northern Parula,A,,0
Northern Parula,B,U,2
Northern Parula,C,,0
Northern Parula,M,,0
Northern Parula,N,,0
Northern Parula,P,,0
Northern Parula,S7,,0
Northern Parula,T,,0
Northern Parula,CF,,0
Northern Parula,CN,,0
Northern Parula,DD,,0
Northern Parula,FL,,0
Northern Parula,FS,,0
Northern Parula,FY,,0
Northern Parula,NB,,0
Northern Parula,NE,,0
Northern Parula,NY,,0
Northern Parula,ON,,0
Northern Parula,PE,,0
Northern Parula,UN,,0
Black-throated Blue Warbler,F,,0
Black-throated Blue Warbler,H,,0
Black-throated Blue Warbler,S,,0
Black-throated Blue Warbler,A,,0
Black-throated Blue Warbler,B,U,2
Black-throated Blue Warbler,C,,0
Black-throated Blue Warbler,M,,0
Black-throated Blue Warbler,N,,0
Black-throated Blue Warbler,P,,0
Black-throated Blue Warbler,S7,,0
Black-throated Blue Warbler,T,,0
Black-throated Blue Warbler,CF,,0
Black-throated Blue Warbler,CN,,0
Black-throated Blue Warbler,DD,,0
Black-throated Blue Warbler,FL,,0
Black-throated Blue Warbler,FS,,0
Black-throated Blue Warbler,FY,,0
Black-throated Blue Warbler,NB,,0
Black-throated Blue Warbler,NE,,0
Black-throated Blue Warbler,NY,,0
Black-throated Blue Warbler,ON,,0
Black-throated Blue Warbler,PE,,0
Black-throated Blue Warbler,UN,,0
Cerulean Warbler,F,,0
Cerulean Warbler,H,,0
Cerulean Warbler,S,,0
Cerulean Warbler,A,,0
Cerulean Warbler,B,U,2
Cerulean Warbler,C,,0
Cerulean Warbler,M,,0
Cerulean Warbler,N,,0
Cerulean Warbler,P,,0
Cerulean Warbler,S7,,0
Cerulean Warbler,T,,0
Cerulean Warbler,CF,,0
Cerulean Warbler,CN,,0
Cerulean Warbler,DD,,0
Cerulean Warbler,FL,,0
Cerulean Warbler,FS,,0
Cerulean Warbler,FY,,0
Cerulean Warbler,NB,,0
Cerulean Warbler,NE,,0
Cerulean Warbler,NY,,0
Cerulean Warbler,ON,,0
Cerulean Warbler,PE,,0
Cerulean Warbler,UN,,0
Hooded Warbler,F,,0
Hooded Warbler,H,,0
Hooded Warbler,S,,0
Hooded Warbler,A,,0
Hooded Warbler,B,U,2
Hooded Warbler,C,,0
Hooded Warbler,M,,0
Hooded Warbler,N,,0
Hooded Warbler,P,,0
Hooded Warbler,S7,,0
Hooded Warbler,T,,0
Hooded Warbler,CF,,0
Hooded Warbler,CN,,0
Hooded Warbler,DD,,0
Hooded Warbler,FL,,0
Hooded Warbler,FS,,0
Hooded Warbler,FY,,0
Hooded Warbler,NB,,0
Hooded Warbler,NE,,0
Hooded Warbler,NY,,0
Hooded Warbler,ON,,0
Hooded Warbler,PE,,0
Hooded Warbler,UN,,0
Yellow-rumped Warbler,F,,0
Yellow-rumped Warbler,H,,0
Yellow-rumped Warbler,S,,0
Yellow-rumped Warbler,A,,0
Yellow-rumped Warbler,B,U,2
Yellow-rumped Warbler,C,,0
Yellow-rumped Warbler,M,,0
Yellow-rumped Warbler,N,,0
Yellow-rumped Warbler,P,,0
Yellow-rumped Warbler,S7,,0
Yellow-rumped Warbler,T,,0
Yellow-rumped Warbler,CF,,0
Yellow-rumped Warbler,CN,,0
Yellow-rumped Warbler,DD,,0
Yellow-rumped Warbler,FL,,0
Yellow-rumped Warbler,FS,,0
Yellow-rumped Warbler,FY,,0
Yellow-rumped Warbler,NB,,0
Yellow-rumped Warbler,NE,,0
Yellow-rumped Warbler,NY,,0
Yellow-rumped Warbler,ON,,0
Yellow-rumped Warbler,PE,,0
Yellow-rumped Warbler,UN,,0
Prairie Warbler,F,,0
Prairie Warbler,H,,0
Prairie Warbler,S,,0
Prairie Warbler,A,,0
Prairie Warbler,B,U,2
Prairie Warbler,C,,0
Prairie Warbler,M,,0
Prairie Warbler,N,,0
Prairie Warbler,P,,0
Prairie Warbler,S7,,0
Prairie Warbler,T,,0
Prairie Warbler,CF,,0
Prairie Warbler,CN,,0
Prairie Warbler,DD,,0
Prairie Warbler,FL,,0
Prairie Warbler,FS,,0
Prairie Warbler,FY,,0
Prairie Warbler,NB,,0
Prairie Warbler,NE,,0
Prairie Warbler,NY,,0
Prairie Warbler,ON,,0
Prairie Warbler,PE,,0
Prairie Warbler,UN,,0
Yellow-throated Warbler,F,,0
Yellow-throated Warbler,H,,0
Yellow-throated Warbler,S,,0
Yellow-throated Warbler,A,,0
Yellow-throated Warbler,B,U,2
Yellow-throated Warbler,C,,0
Yellow-throated Warbler,M,,0
Yellow-throated Warbler,N,,0
Yellow-throated Warbler,P,,0
Yellow-throated Warbler,S7,,0
Yellow-throated Warbler,T,,0
Yellow-throated Warbler,CF,,0
Yellow-throated Warbler,CN,,0
Yellow-throated Warbler,DD,,0
Yellow-throated Warbler,FL,,0
Yellow-throated Warbler,FS,,0
Yellow-throated Warbler,FY,,0
Yellow-throated Warbler,NB,,0
Yellow-throated Warbler,NE,,0
Yellow-throated Warbler,NY,,0
Yellow-throated Warbler,ON,,0
Yellow-throated Warbler,PE,,0
Yellow-throated Warbler,UN,,0
Blackburnian Warbler,F,,0
Blackburnian Warbler,H,,0
Blackburnian Warbler,S,,0
Blackburnian Warbler,A,,0
Blackburnian Warbler,B,U,2
Blackburnian Warbler,C,,0
Blackburnian Warbler,M,,0
Blackburnian Warbler,N,,0
Blackburnian Warbler,P,,0
Blackburnian Warbler,S7,,0
Blackburnian Warbler,T,,0
Blackburnian Warbler,CF,,0
Blackburnian Warbler,CN,,0
Blackburnian Warbler,DD,,0
Blackburnian Warbler,FL,,0
Blackburnian Warbler,FS,,0
Blackburnian Warbler,FY,,0
Blackburnian Warbler,NB,,0
Blackburnian Warbler,NE,,0
Blackburnian Warbler,NY,,0
Blackburnian Warbler,ON,,0
Blackburnian Warbler,PE,,0
Blackburnian Warbler,UN,,0
Magnolia Warbler,F,,0
Magnolia Warbler,H,,0
Magnolia Warbler,S,,0
Magnolia Warbler,A,,0
Magnolia Warbler,B,U,2
Magnolia Warbler,C,,0
Magnolia Warbler,M,,0
Magnolia Warbler,N,,0
Magnolia Warbler,P,,0
Magnolia Warbler,S7,,0
Magnolia Warbler,T,,0
Magnolia Warbler,CF,,0
Magnolia Warbler,CN,,0
Magnolia Warbler,DD,,0
Magnolia Warbler,FL,,0
Magnolia Warbler,FS,,0
Magnolia Warbler,FY,,0
Magnolia Warbler,NB,,0
Magnolia Warbler,NE,,0
Magnolia Warbler,NY,,0
Magnolia Warbler,ON,,0
Magnolia Warbler,PE,,0
Magnolia Warbler,UN,,0
Chestnut-sided Warbler,F,,0
Chestnut-sided Warbler,H,,0
Chestnut-sided Warbler,S,,0
Chestnut-sided Warbler,A,,0
Chestnut-sided Warbler,B,U,2
Chestnut-sided Warbler,C,,0
Chestnut-sided Warbler,M,,0
Chestnut-sided Warbler,N,,0
Chestnut-sided Warbler,P,,0
Chestnut-sided Warbler,S7,,0
Chestnut-sided Warbler,T,,0
Chestnut-sided Warbler,CF,,0
Chestnut-sided Warbler,CN,,0
Chestnut-sided Warbler,DD,,0
Chestnut-sided Warbler,FL,,0
Chestnut-sided Warbler,FS,,0
Chestnut-sided Warbler,FY,,0
Chestnut-sided Warbler,NB,,0
Chestnut-sided Warbler,NE,,0
Chestnut-sided Warbler,NY,,0
Chestnut-sided Warbler,ON,,0
Chestnut-sided Warbler,PE,,0
Chestnut-sided Warbler,UN,,0
Yellow Warbler,F,,0
Yellow Warbler,H,,0
Yellow Warbler,S,,0
Yellow Warbler,A,,0
Yellow Warbler,B,U,2
Yellow Warbler,C,,0
Yellow Warbler,M,,0
Yellow Warbler,N,,0
Yellow Warbler,P,,0
Yellow Warbler,S7,,0
Yellow Warbler,T,,0
Yellow Warbler,CF,,0
Yellow Warbler,CN,,0
Yellow Warbler,DD,,0
Yellow Warbler,FL,,0
Yellow Warbler,FS,,0
Yellow Warbler,FY,,0
Yellow Warbler,NB,,0
Yellow Warbler,NE,,0
Yellow Warbler,NY,,0
Yellow Warbler,ON,,0
Yellow Warbler,PE,,0
Yellow Warbler,UN,,0
Pine Warbler,F,,0
Pine Warbler,H,,0
Pine Warbler,S,,0
Pine Warbler,A,,0
Pine Warbler,B,U,2
Pine Warbler,C,,0
Pine Warbler,M,,0
Pine Warbler,N,,0
Pine Warbler,P,,0
Pine Warbler,S7,,0
Pine Warbler,T,,0
Pine Warbler,CF,,0
Pine Warbler,CN,,0
Pine Warbler,DD,,0
Pine Warbler,FL,,0
Pine Warbler,FS,,0
Pine Warbler,FY,,0
Pine Warbler,NB,,0
Pine Warbler,NE,,0
Pine Warbler,NY,,0
Pine Warbler,ON,,0
Pine Warbler,PE,,0
Pine Warbler,UN,,0
American Redstart,F,,0
American Redstart,H,,0
American Redstart,S,,0
American Redstart,A,,0
American Redstart,B,U,2
American Redstart,C,,0
American Redstart,M,,0
American Redstart,N,,0
American Redstart,P,,0
American Redstart,S7,,0
American Redstart,T,,0
American Redstart,CF,,0
American Redstart,CN,,0
American Redstart,DD,,0
American Redstart,FL,,0
American Redstart,FS,,0
American Redstart,FY,,0
American Redstart,NB,,0
American Redstart,NE,,0
American Redstart,NY,,0
American Redstart,ON,,0
American Redstart,PE,,0
American Redstart,UN,,0
Black-throated Green Warbler,F,,0
Black-throated Green Warbler,H,,0
Black-throated Green Warbler,S,,0
Black-throated Green Warbler,A,,0
Black-throated Green Warbler,B,U,2
Black-throated Green Warbler,C,,0
Black-throated Green Warbler,M,,0
Black-throated Green Warbler,N,,0
Black-throated Green Warbler,P,,0
Black-throated Green Warbler,S7,,0
Black-throated Green Warbler,T,,0
Black-throated Green Warbler,CF,,0
Black-throated Green Warbler,CN,,0
Black-throated Green Warbler,DD,,0
Black-throated Green Warbler,FL,,0
Black-throated Green Warbler,FS,,0
Black-throated Green Warbler,FY,,0
Black-throated Green Warbler,NB,,0
Black-throated Green Warbler,NE,,0
Black-throated Green Warbler,NY,,0
Black-throated Green Warbler,ON,,0
Black-throated Green Warbler,PE,,0
Black-throated Green Warbler,UN,,0
Golden-winged Warbler,F,,0
Golden-winged Warbler,H,,0
Golden-winged Warbler,S,,0
Golden-winged Warbler,A,,0
Golden-winged Warbler,B,U,2
Golden-winged Warbler,C,,0
Golden-winged Warbler,M,,0
Golden-winged Warbler,N,,0
Golden-winged Warbler,P,,0
Golden-winged Warbler,S7,,0
Golden-winged Warbler,T,,0
Golden-winged Warbler,CF,,0
Golden-winged Warbler,CN,,0
Golden-winged Warbler,DD,,0
Golden-winged Warbler,FL,,0
Golden-winged Warbler,FS,,0
Golden-winged Warbler,FY,,0
Golden-winged Warbler,NB,,0
Golden-winged Warbler,NE,,0
Golden-winged Warbler,NY,,0
Golden-winged Warbler,ON,,0
Golden-winged Warbler,PE,,0
Golden-winged Warbler,UN,,0
Blue-winged Warbler,F,,0
Blue-winged Warbler,H,,0
Blue-winged Warbler,S,,0
Blue-winged Warbler,A,,0
Blue-winged Warbler,B,U,2
Blue-winged Warbler,C,,0
Blue-winged Warbler,M,,0
Blue-winged Warbler,N,,0
Blue-winged Warbler,P,,0
Blue-winged Warbler,S7,,0
Blue-winged Warbler,T,,0
Blue-winged Warbler,CF,,0
Blue-winged Warbler,CN,,0
Blue-winged Warbler,DD,,0
Blue-winged Warbler,FL,,0
Blue-winged Warbler,FS,,0
Blue-winged Warbler,FY,,0
Blue-winged Warbler,NB,,0
Blue-winged Warbler,NE,,0
Blue-winged Warbler,NY,,0
Blue-winged Warbler,ON,,0
Blue-winged Warbler,PE,,0
Blue-winged Warbler,UN,,0
Grasshopper Sparrow,F,,0
Grasshopper Sparrow,H,,0
Grasshopper Sparrow,S,,0
Grasshopper Sparrow,A,,0
Grasshopper Sparrow,B,U,2
Grasshopper Sparrow,C,,0
Grasshopper Sparrow,M,,0
Grasshopper Sparrow,N,,0
Grasshopper Sparrow,P,,0
Grasshopper Sparrow,S7,,0
Grasshopper Sparrow,T,,0
Grasshopper Sparrow,CF,,0
Grasshopper Sparrow,CN,,0
Grasshopper Sparrow,DD,,0
Grasshopper Sparrow,FL,,0
Grasshopper Sparrow,FS,,0
Grasshopper Sparrow,FY,,0
Grasshopper Sparrow,NB,,0
Grasshopper Sparrow,NE,,0
Grasshopper Sparrow,NY,,0
Grasshopper Sparrow,ON,,0
Grasshopper Sparrow,PE,,0
Grasshopper Sparrow,UN,,0
Seaside Sparrow,F,,0
Seaside Sparrow,H,,0
Seaside Sparrow,S,,0
Seaside Sparrow,A,,0
Seaside Sparrow,B,U,2
Seaside Sparrow,C,,0
Seaside Sparrow,M,,0
Seaside Sparrow,N,,0
Seaside Sparrow,P,,0
Seaside Sparrow,S7,,0
Seaside Sparrow,T,,0
Seaside Sparrow,CF,,0
Seaside Sparrow,CN,,0
Seaside Sparrow,DD,,0
Seaside Sparrow,FL,,0
Seaside Sparrow,FS,,0
Seaside Sparrow,FY,,0
Seaside Sparrow,NB,,0
Seaside Sparrow,NE,,0
Seaside Sparrow,NY,,0
Seaside Sparrow,ON,,0
Seaside Sparrow,PE,,0
Seaside Sparrow,UN,,0
Henslows Sparrow,F,,0
Henslows Sparrow,H,,0
Henslows Sparrow,S,,0
Henslows Sparrow,A,,0
Henslows Sparrow,B,U,2
Henslows Sparrow,C,,0
Henslows Sparrow,M,,0
Henslows Sparrow,N,,0
Henslows Sparrow,P,,0
Henslows Sparrow,S7,,0
Henslows Sparrow,T,,0
Henslows Sparrow,CF,,0
Henslows Sparrow,CN,,0
Henslows Sparrow,DD,,0
Henslows Sparrow,FL,,0
Henslows Sparrow,FS,,0
Henslows Sparrow,FY,,0
Henslows Sparrow,NB,,0
Henslows Sparrow,NE,,0
Henslows Sparrow,NY,,0
Henslows Sparrow,ON,,0
Henslows Sparrow,PE,,0
Henslows Sparrow,UN,,0
Dark-eyed Junco,F,,0
Dark-eyed Junco,H,,0
Dark-eyed Junco,S,,0
Dark-eyed Junco,A,,0
Dark-eyed Junco,B,U,2
Dark-eyed Junco,C,,0
Dark-eyed Junco,M,,0
Dark-eyed Junco,N,,0
Dark-eyed Junco,P,,0
Dark-eyed Junco,S7,,0
Dark-eyed Junco,T,,0
Dark-eyed Junco,CF,,0
Dark-eyed Junco,CN,,0
Dark-eyed Junco,DD,,0
Dark-eyed Junco,FL,,0
Dark-eyed Junco,FS,,0
Dark-eyed Junco,FY,,0
Dark-eyed Junco,NB,,0
Dark-eyed Junco,NE,,0
Dark-eyed Junco,NY,,0
Dark-eyed Junco,ON,,0
Dark-eyed Junco,PE,,0
Dark-eyed Junco,UN,,0
Song Sparrow,F,,0
Song Sparrow,H,,0
Song Sparrow,S,,0
Song Sparrow,A,,0
Song Sparrow,B,U,2
Song Sparrow,C,,0
Song Sparrow,M,,0
Song Sparrow,N,,0
Song Sparrow,P,,0
Song Sparrow,S7,,0
Song Sparrow,T,,0
Song Sparrow,CF,,0
Song Sparrow,CN,,0
Song Sparrow,DD,,0
Song Sparrow,FL,,0
Song Sparrow,FS,,0
Song Sparrow,FY,,0
Song Sparrow,NB,,0
Song Sparrow,NE,,0
Song Sparrow,NY,,0
Song Sparrow,ON,,0
Song Sparrow,PE,,0
Song Sparrow,UN,,0
Savannah Sparrow,F,,0
Savannah Sparrow,H,,0
Savannah Sparrow,S,,0
Savannah Sparrow,A,,0
Savannah Sparrow,B,U,2
Savannah Sparrow,C,,0
Savannah Sparrow,M,,0
Savannah Sparrow,N,,0
Savannah Sparrow,P,,0
Savannah Sparrow,S7,,0
Savannah Sparrow,T,,0
Savannah Sparrow,CF,,0
Savannah Sparrow,CN,,0
Savannah Sparrow,DD,,0
Savannah Sparrow,FL,,0
Savannah Sparrow,FS,,0
Savannah Sparrow,FY,,0
Savannah Sparrow,NB,,0
Savannah Sparrow,NE,,0
Savannah Sparrow,NY,,0
Savannah Sparrow,ON,,0
Savannah Sparrow,PE,,0
Savannah Sparrow,UN,,0
Bachmans Sparrow,F,,0
Bachmans Sparrow,H,,0
Bachmans Sparrow,S,,0
Bachmans Sparrow,A,,0
Bachmans Sparrow,B,U,2
Bachmans Sparrow,C,,0
Bachmans Sparrow,M,,0
Bachmans Sparrow,N,,0
Bachmans Sparrow,P,,0
Bachmans Sparrow,S7,,0
Bachmans Sparrow,T,,0
Bachmans Sparrow,CF,,0
Bachmans Sparrow,CN,,0
Bachmans Sparrow,DD,,0
Bachmans Sparrow,FL,,0
Bachmans Sparrow,FS,,0
Bachmans Sparrow,FY,,0
Bachmans Sparrow,NB,,0
Bachmans Sparrow,NE,,0
Bachmans Sparrow,NY,,0
Bachmans Sparrow,ON,,0
Bachmans Sparrow,PE,,0
Bachmans Sparrow,UN,,0
Eastern Towhee,F,,0
Eastern Towhee,H,,0
Eastern Towhee,S,,0
Eastern Towhee,A,,0
Eastern Towhee,B,U,2
Eastern Towhee,C,,0
Eastern Towhee,M,,0
Eastern Towhee,N,,0
Eastern Towhee,P,,0
Eastern Towhee,S7,,0
Eastern Towhee,T,,0
Eastern Towhee,CF,,0
Eastern Towhee,CN,,0
Eastern Towhee,DD,,0
Eastern Towhee,FL,,0
Eastern Towhee,FS,,0
Eastern Towhee,FY,,0
Eastern Towhee,NB,,0
Eastern Towhee,NE,,0
Eastern Towhee,NY,,0
Eastern Towhee,ON,,0
Eastern Towhee,PE,,0
Eastern Towhee,UN,,0
Vesper Sparrow,F,,0
Vesper Sparrow,H,,0
Vesper Sparrow,S,,0
Vesper Sparrow,A,,0
Vesper Sparrow,B,U,2
Vesper Sparrow,C,,0
Vesper Sparrow,M,,0
Vesper Sparrow,N,,0
Vesper Sparrow,P,,0
Vesper Sparrow,S7,,0
Vesper Sparrow,T,,0
Vesper Sparrow,CF,,0
Vesper Sparrow,CN,,0
Vesper Sparrow,DD,,0
Vesper Sparrow,FL,,0
Vesper Sparrow,FS,,0
Vesper Sparrow,FY,,0
Vesper Sparrow,NB,,0
Vesper Sparrow,NE,,0
Vesper Sparrow,NY,,0
Vesper Sparrow,ON,,0
Vesper Sparrow,PE,,0
Vesper Sparrow,UN,,0
Chipping Sparrow,F,,0
Chipping Sparrow,H,,0
Chipping Sparrow,S,,0
Chipping Sparrow,A,,0
Chipping Sparrow,B,U,2
Chipping Sparrow,C,,0
Chipping Sparrow,M,,0
Chipping Sparrow,N,,0
Chipping Sparrow,P,,0
Chipping Sparrow,S7,,0
Chipping Sparrow,T,,0
Chipping Sparrow,CF,,0
Chipping Sparrow,CN,,0
Chipping Sparrow,DD,,0
Chipping Sparrow,FL,,0
Chipping Sparrow,FS,,0
Chipping Sparrow,FY,,0
Chipping Sparrow,NB,,0
Chipping Sparrow,NE,,0
Chipping Sparrow,NY,,0
Chipping Sparrow,ON,,0
Chipping Sparrow,PE,,0
Chipping Sparrow,UN,,0
Field Sparrow,F,,0
Field Sparrow,H,,0
Field Sparrow,S,,0
Field Sparrow,A,,0
Field Sparrow,B,U,2
Field Sparrow,C,,0
Field Sparrow,M,,0
Field Sparrow,N,,0
Field Sparrow,P,,0
Field Sparrow,S7,,0
Field Sparrow,T,,0
Field Sparrow,CF,,0
Field Sparrow,CN,,0
Field Sparrow,DD,,0
Field Sparrow,FL,,0
Field Sparrow,FS,,0
Field Sparrow,FY,,0
Field Sparrow,NB,,0
Field Sparrow,NE,,0
Field Sparrow,NY,,0
Field Sparrow,ON,,0
Field Sparrow,PE,,0
Field Sparrow,UN,,0
Blue-gray Gnatcatcher,F,,0
Blue-gray Gnatcatcher,H,,0
Blue-gray Gnatcatcher,S,,0
Blue-gray Gnatcatcher,A,,0
Blue-gray Gnatcatcher,B,U,2
Blue-gray Gnatcatcher,C,,0
Blue-gray Gnatcatcher,M,,0
Blue-gray Gnatcatcher,N,,0
Blue-gray Gnatcatcher,P,,0
Blue-gray Gnatcatcher,S7,,0
Blue-gray Gnatcatcher,T,,0
Blue-gray Gnatcatcher,CF,,0
Blue-gray Gnatcatcher,CN,,0
Blue-gray Gnatcatcher,DD,,0
Blue-gray Gnatcatcher,FL,,0
Blue-gray Gnatcatcher,FS,,0
Blue-gray Gnatcatcher,FY,,0
Blue-gray Gnatcatcher,NB,,0
Blue-gray Gnatcatcher,NE,,0
Blue-gray Gnatcatcher,NY,,0
Blue-gray Gnatcatcher,ON,,0
Blue-gray Gnatcatcher,PE,,0
Blue-gray Gnatcatcher,UN,,0
Golden-crowned Kinglet,F,,0
Golden-crowned Kinglet,H,,0
Golden-crowned Kinglet,S,,0
Golden-crowned Kinglet,A,,0
Golden-crowned Kinglet,B,U,2
Golden-crowned Kinglet,C,,0
Golden-crowned Kinglet,M,,0
Golden-crowned Kinglet,N,,0
Golden-crowned Kinglet,P,,0
Golden-crowned Kinglet,S7,,0
Golden-crowned Kinglet,T,,0
Golden-crowned Kinglet,CF,,0
Golden-crowned Kinglet,CN,,0
Golden-crowned Kinglet,DD,,0
Golden-crowned Kinglet,FL,,0
Golden-crowned Kinglet,FS,,0
Golden-crowned Kinglet,FY,,0
Golden-crowned Kinglet,NB,,0
Golden-crowned Kinglet,NE,,0
Golden-crowned Kinglet,NY,,0
Golden-crowned Kinglet,ON,,0
Golden-crowned Kinglet,PE,,0
Golden-crowned Kinglet,UN,,0
Red-breasted Nuthatch,F,,0
Red-breasted Nuthatch,H,,0
Red-breasted Nuthatch,S,,0
Red-breasted Nuthatch,A,,0
Red-breasted Nuthatch,B,U,2
Red-breasted Nuthatch,C,,0
Red-breasted Nuthatch,M,,0
Red-breasted Nuthatch,N,,0
Red-breasted Nuthatch,P,,0
Red-breasted Nuthatch,S7,,0
Red-breasted Nuthatch,T,,0
Red-breasted Nuthatch,CF,,0
Red-breasted Nuthatch,CN,,0
Red-breasted Nuthatch,DD,,0
Red-breasted Nuthatch,FL,,0
Red-breasted Nuthatch,FS,,0
Red-breasted Nuthatch,FY,,0
Red-breasted Nuthatch,NB,,0
Red-breasted Nuthatch,NE,,0
Red-breasted Nuthatch,NY,,0
Red-breasted Nuthatch,ON,,0
Red-breasted Nuthatch,PE,,0
Red-breasted Nuthatch,UN,,0
White-breasted Nuthatch,F,,0
White-breasted Nuthatch,H,,0
White-breasted Nuthatch,S,,0
White-breasted Nuthatch,A,,0
White-breasted Nuthatch,B,U,2
White-breasted Nuthatch,C,,0
White-breasted Nuthatch,M,,0
White-breasted Nuthatch,N,,0
White-breasted Nuthatch,P,,0
White-breasted Nuthatch,S7,,0
White-breasted Nuthatch,T,,0
White-breasted Nuthatch,CF,,0
White-breasted Nuthatch,CN,,0
White-breasted Nuthatch,DD,,0
White-breasted Nuthatch,FL,,0
White-breasted Nuthatch,FS,,0
White-breasted Nuthatch,FY,,0
White-breasted Nuthatch,NB,,0
White-breasted Nuthatch,NE,,0
White-breasted Nuthatch,NY,,0
White-breasted Nuthatch,ON,,0
White-breasted Nuthatch,PE,,0
White-breasted Nuthatch,UN,,0
Brown-headed Nuthatch,F,,0
Brown-headed Nuthatch,H,,0
Brown-headed Nuthatch,S,,0
Brown-headed Nuthatch,A,,0
Brown-headed Nuthatch,B,U,2
Brown-headed Nuthatch,C,,0
Brown-headed Nuthatch,M,,0
Brown-headed Nuthatch,N,,0
Brown-headed Nuthatch,P,,0
Brown-headed Nuthatch,S7,,0
Brown-headed Nuthatch,T,,0
Brown-headed Nuthatch,CF,,0
Brown-headed Nuthatch,CN,,0
Brown-headed Nuthatch,DD,,0
Brown-headed Nuthatch,FL,,0
Brown-headed Nuthatch,FS,,0
Brown-headed Nuthatch,FY,,0
Brown-headed Nuthatch,NB,,0
Brown-headed Nuthatch,NE,,0
Brown-headed Nuthatch,NY,,0
Brown-headed Nuthatch,ON,,0
Brown-headed Nuthatch,PE,,0
Brown-headed Nuthatch,UN,,0
European Starling,F,,0
European Starling,H,,0
European Starling,S,,0
European Starling,A,,0
European Starling,B,U,2
European Starling,C,,0
European Starling,M,,0
European Starling,N,,0
European Starling,P,,0
European Starling,S7,,0
European Starling,T,,0
European Starling,CF,,0
European Starling,CN,,0
European Starling,DD,,0
European Starling,FL,,0
European Starling,FS,,0
European Starling,FY,,0
European Starling,NB,,0
European Starling,NE,,0
European Starling,NY,,0
European Starling,ON,,0
European Starling,PE,,0
European Starling,UN,,0
Marsh Wren,F,,0
Marsh Wren,H,,0
Marsh Wren,S,,0
Marsh Wren,A,,0
Marsh Wren,B,S,0
Marsh Wren,C,,0
Marsh Wren,M,,0
Marsh Wren,N,,0
Marsh Wren,P,,0
Marsh Wren,S7,,0
Marsh Wren,T,,0
Marsh Wren,CF,,0
Marsh Wren,CN,,0
Marsh Wren,DD,,0
Marsh Wren,FL,,0
Marsh Wren,FS,,0
Marsh Wren,FY,,0
Marsh Wren,NB,,0
Marsh Wren,NE,,0
Marsh Wren,NY,,0
Marsh Wren,ON,,0
Marsh Wren,PE,,0
Marsh Wren,UN,,0
Carolina Wren,F,,0
Carolina Wren,H,,0
Carolina Wren,S,,0
Carolina Wren,A,,0
Carolina Wren,B,S,0
Carolina Wren,C,,0
Carolina Wren,M,,0
Carolina Wren,N,,0
Carolina Wren,P,,0
Carolina Wren,S7,,0
Carolina Wren,T,,0
Carolina Wren,CF,,0
Carolina Wren,CN,,0
Carolina Wren,DD,,0
Carolina Wren,FL,,0
Carolina Wren,FS,,0
Carolina Wren,FY,,0
Carolina Wren,NB,,0
Carolina Wren,NE,,0
Carolina Wren,NY,,0
Carolina Wren,ON,,0
Carolina Wren,PE,,0
Carolina Wren,UN,,0
House Wren,F,,0
House Wren,H,,0
House Wren,S,,0
House Wren,A,,0
House Wren,B,S,0
House Wren,C,,0
House Wren,M,,0
House Wren,N,,0
House Wren,P,,0
House Wren,S7,,0
House Wren,T,,0
House Wren,CF,,0
House Wren,CN,,0
House Wren,DD,,0
House Wren,FL,,0
House Wren,FS,,0
House Wren,FY,,0
House Wren,NB,,0
House Wren,NE,,0
House Wren,NY,,0
House Wren,ON,,0
House Wren,PE,,0
House Wren,UN,,0
Winter Wren,F,,0
Winter Wren,H,,0
Winter Wren,S,,0
Winter Wren,A,,0
Winter Wren,B,S,0
Winter Wren,C,,0
Winter Wren,M,,0
Winter Wren,N,,0
Winter Wren,P,,0
Winter Wren,S7,,0
Winter Wren,T,,0
Winter Wren,CF,,0
Winter Wren,CN,,0
Winter Wren,DD,,0
Winter Wren,FL,,0
Winter Wren,FS,,0
Winter Wren,FY,,0
Winter Wren,NB,,0
Winter Wren,NE,,0
Winter Wren,NY,,0
Winter Wren,ON,,0
Winter Wren,PE,,0
Winter Wren,UN,,0
Veery,F,,0
Veery,H,,0
Veery,S,,0
Veery,A,,0
Veery,B,U,2
Veery,C,,0
Veery,M,,0
Veery,N,,0
Veery,P,,0
Veery,S7,,0
Veery,T,,0
Veery,CF,,0
Veery,CN,,0
Veery,DD,,0
Veery,FL,,0
Veery,FS,,0
Veery,FY,,0
Veery,NB,,0
Veery,NE,,0
Veery,NY,,0
Veery,ON,,0
Veery,PE,,0
Veery,UN,,0
Hermit Thrush,F,,0
Hermit Thrush,H,,0
Hermit Thrush,S,,0
Hermit Thrush,A,,0
Hermit Thrush,B,U,2
Hermit Thrush,C,,0
Hermit Thrush,M,,0
Hermit Thrush,N,,0
Hermit Thrush,P,,0
Hermit Thrush,S7,,0
Hermit Thrush,T,,0
Hermit Thrush,CF,,0
Hermit Thrush,CN,,0
Hermit Thrush,DD,,0
Hermit Thrush,FL,,0
Hermit Thrush,FS,,0
Hermit Thrush,FY,,0
Hermit Thrush,NB,,0
Hermit Thrush,NE,,0
Hermit Thrush,NY,,0
Hermit Thrush,ON,,0
Hermit Thrush,PE,,0
Hermit Thrush,UN,,0
Swainsons Thrush,F,,0
Swainsons Thrush,H,,0
Swainsons Thrush,S,,0
Swainsons Thrush,A,,0
Swainsons Thrush,B,U,2
Swainsons Thrush,C,,0
Swainsons Thrush,M,,0
Swainsons Thrush,N,,0
Swainsons Thrush,P,,0
Swainsons Thrush,S7,,0
Swainsons Thrush,T,,0
Swainsons Thrush,CF,,0
Swainsons Thrush,CN,,0
Swainsons Thrush,DD,,0
Swainsons Thrush,FL,,0
Swainsons Thrush,FS,,0
Swainsons Thrush,FY,,0
Swainsons Thrush,NB,,0
Swainsons Thrush,NE,,0
Swainsons Thrush,NY,,0
Swainsons Thrush,ON,,0
Swainsons Thrush,PE,,0
Swainsons Thrush,UN,,0
Wood Thrush,F,,0
Wood Thrush,H,,0
Wood Thrush,S,,0
Wood Thrush,A,,0
Wood Thrush,B,U,2
Wood Thrush,C,,0
Wood Thrush,M,,0
Wood Thrush,N,,0
Wood Thrush,P,,0
Wood Thrush,S7,,0
Wood Thrush,T,,0
Wood Thrush,CF,,0
Wood Thrush,CN,,0
Wood Thrush,DD,,0
Wood Thrush,FL,,0
Wood Thrush,FS,,0
Wood Thrush,FY,,0
Wood Thrush,NB,,0
Wood Thrush,NE,,0
Wood Thrush,NY,,0
Wood Thrush,ON,,0
Wood Thrush,PE,,0
Wood Thrush,UN,,0
Eastern Bluebird,F,,0
Eastern Bluebird,H,,0
Eastern Bluebird,S,,0
Eastern Bluebird,A,,0
Eastern Bluebird,B,U,2
Eastern Bluebird,C,,0
Eastern Bluebird,M,,0
Eastern Bluebird,N,,0
Eastern Bluebird,P,,0
Eastern Bluebird,S7,,0
Eastern Bluebird,T,,0
Eastern Bluebird,CF,,0
Eastern Bluebird,CN,,0
Eastern Bluebird,DD,,0
Eastern Bluebird,FL,,0
Eastern Bluebird,FS,,0
Eastern Bluebird,FY,,0
Eastern Bluebird,NB,,0
Eastern Bluebird,NE,,0
Eastern Bluebird,NY,,0
Eastern Bluebird,ON,,0
Eastern Bluebird,PE,,0
Eastern Bluebird,UN,,0
American Robin,F,,0
American Robin,H,,0
American Robin,S,,0
American Robin,A,,0
American Robin,B,U,2
American Robin,C,,0
American Robin,M,,0
American Robin,N,,0
American Robin,P,,0
American Robin,S7,,0
American Robin,T,,0
American Robin,CF,,0
American Robin,CN,,0
American Robin,DD,,0
American Robin,FL,,0
American Robin,FS,,0
American Robin,FY,,0
American Robin,NB,,0
American Robin,NE,,0
American Robin,NY,,0
American Robin,ON,,0
American Robin,PE,,0
American Robin,UN,,0
Eastern Wood-Pewee,F,,0
Eastern Wood-Pewee,H,,0
Eastern Wood-Pewee,S,,0
Eastern Wood-Pewee,A,,0
Eastern Wood-Pewee,B,U,2
Eastern Wood-Pewee,C,,0
Eastern Wood-Pewee,M,,0
Eastern Wood-Pewee,N,,0
Eastern Wood-Pewee,P,,0
Eastern Wood-Pewee,S7,,0
Eastern Wood-Pewee,T,,0
Eastern Wood-Pewee,CF,,0
Eastern Wood-Pewee,CN,,0
Eastern Wood-Pewee,DD,,0
Eastern Wood-Pewee,FL,,0
Eastern Wood-Pewee,FS,,0
Eastern Wood-Pewee,FY,,0
Eastern Wood-Pewee,NB,,0
Eastern Wood-Pewee,NE,,0
Eastern Wood-Pewee,NY,,0
Eastern Wood-Pewee,ON,,0
Eastern Wood-Pewee,PE,,0
Eastern Wood-Pewee,UN,,0
Alder Flycatcher,F,,0
Alder Flycatcher,H,,0
Alder Flycatcher,S,,0
Alder Flycatcher,A,,0
Alder Flycatcher,B,U,2
Alder Flycatcher,C,,0
Alder Flycatcher,M,,0
Alder Flycatcher,N,,0
Alder Flycatcher,P,,0
Alder Flycatcher,S7,,0
Alder Flycatcher,T,,0
Alder Flycatcher,CF,,0
Alder Flycatcher,CN,,0
Alder Flycatcher,DD,,0
Alder Flycatcher,FL,,0
Alder Flycatcher,FS,,0
Alder Flycatcher,FY,,0
Alder Flycatcher,NB,,0
Alder Flycatcher,NE,,0
Alder Flycatcher,NY,,0
Alder Flycatcher,ON,,0
Alder Flycatcher,PE,,0
Alder Flycatcher,UN,,0
Least Flycatcher,F,,0
Least Flycatcher,H,,0
Least Flycatcher,S,,0
Least Flycatcher,A,,0
Least Flycatcher,B,U,2
Least Flycatcher,C,,0
Least Flycatcher,M,,0
Least Flycatcher,N,,0
Least Flycatcher,P,,0
Least Flycatcher,S7,,0
Least Flycatcher,T,,0
Least Flycatcher,CF,,0
Least Flycatcher,CN,,0
Least Flycatcher,DD,,0
Least Flycatcher,FL,,0
Least Flycatcher,FS,,0
Least Flycatcher,FY,,0
Least Flycatcher,NB,,0
Least Flycatcher,NE,,0
Least Flycatcher,NY,,0
Least Flycatcher,ON,,0
Least Flycatcher,PE,,0
Least Flycatcher,UN,,0
Willow Flycatcher,F,,0
Willow Flycatcher,H,,0
Willow Flycatcher,S,,0
Willow Flycatcher,A,,0
Willow Flycatcher,B,U,2
Willow Flycatcher,C,,0
Willow Flycatcher,M,,0
Willow Flycatcher,N,,0
Willow Flycatcher,P,,0
Willow Flycatcher,S7,,0
Willow Flycatcher,T,,0
Willow Flycatcher,CF,,0
Willow Flycatcher,CN,,0
Willow Flycatcher,DD,,0
Willow Flycatcher,FL,,0
Willow Flycatcher,FS,,0
Willow Flycatcher,FY,,0
Willow Flycatcher,NB,,0
Willow Flycatcher,NE,,0
Willow Flycatcher,NY,,0
Willow Flycatcher,ON,,0
Willow Flycatcher,PE,,0
Willow Flycatcher,UN,,0
Acadian Flycatcher,F,,0
Acadian Flycatcher,H,,0
Acadian Flycatcher,S,,0
Acadian Flycatcher,A,,0
Acadian Flycatcher,B,U,2
Acadian Flycatcher,C,,0
Acadian Flycatcher,M,,0
Acadian Flycatcher,N,,0
Acadian Flycatcher,P,,0
Acadian Flycatcher,S7,,0
Acadian Flycatcher,T,,0
Acadian Flycatcher,CF,,0
Acadian Flycatcher,CN,,0
Acadian Flycatcher,DD,,0
Acadian Flycatcher,FL,,0
Acadian Flycatcher,FS,,0
Acadian Flycatcher,FY,,0
Acadian Flycatcher,NB,,0
Acadian Flycatcher,NE,,0
Acadian Flycatcher,NY,,0
Acadian Flycatcher,ON,,0
Acadian Flycatcher,PE,,0
Acadian Flycatcher,UN,,0
Great Crested Flycatcher,F,,0
Great Crested Flycatcher,H,,0
Great Crested Flycatcher,S,,0
Great Crested Flycatcher,A,,0
Great Crested Flycatcher,B,U,2
Great Crested Flycatcher,C,,0
Great Crested Flycatcher,M,,0
Great Crested Flycatcher,N,,0
Great Crested Flycatcher,P,,0
Great Crested Flycatcher,S7,,0
Great Crested Flycatcher,T,,0
Great Crested Flycatcher,CF,,0
Great Crested Flycatcher,CN,,0
Great Crested Flycatcher,DD,,0
Great Crested Flycatcher,FL,,0
Great Crested Flycatcher,FS,,0
Great Crested Flycatcher,FY,,0
Great Crested Flycatcher,NB,,0
Great Crested Flycatcher,NE,,0
Great Crested Flycatcher,NY,,0
Great Crested Flycatcher,ON,,0
Great Crested Flycatcher,PE,,0
Great Crested Flycatcher,UN,,0
Eastern Phoebe,F,,0
Eastern Phoebe,H,,0
Eastern Phoebe,S,,0
Eastern Phoebe,A,,0
Eastern Phoebe,B,U,2
Eastern Phoebe,C,,0
Eastern Phoebe,M,,0
Eastern Phoebe,N,,0
Eastern Phoebe,P,,0
Eastern Phoebe,S7,,0
Eastern Phoebe,T,,0
Eastern Phoebe,CF,,0
Eastern Phoebe,CN,,0
Eastern Phoebe,DD,,0
Eastern Phoebe,FL,,0
Eastern Phoebe,FS,,0
Eastern Phoebe,FY,,0
Eastern Phoebe,NB,,0
Eastern Phoebe,NE,,0
Eastern Phoebe,NY,,0
Eastern Phoebe,ON,,0
Eastern Phoebe,PE,,0
Eastern Phoebe,UN,,0
Eastern Kingbird,F,,0
Eastern Kingbird,H,,0
Eastern Kingbird,S,,0
Eastern Kingbird,A,,0
Eastern Kingbird,B,U,2
Eastern Kingbird,C,,0
Eastern Kingbird,M,,0
Eastern Kingbird,N,,0
Eastern Kingbird,P,,0
Eastern Kingbird,S7,,0
Eastern Kingbird,T,,0
Eastern Kingbird,CF,,0
Eastern Kingbird,CN,,0
Eastern Kingbird,DD,,0
Eastern Kingbird,FL,,0
Eastern Kingbird,FS,,0
Eastern Kingbird,FY,,0
Eastern Kingbird,NB,,0
Eastern Kingbird,NE,,0
Eastern Kingbird,NY,,0
Eastern Kingbird,ON,,0
Eastern Kingbird,PE,,0
Eastern Kingbird,UN,,0
Yellow-throated Vireo,F,,0
Yellow-throated Vireo,H,,0
Yellow-throated Vireo,S,,0
Yellow-throated Vireo,A,,0
Yellow-throated Vireo,B,U,2
Yellow-throated Vireo,C,,0
Yellow-throated Vireo,M,,0
Yellow-throated Vireo,N,,0
Yellow-throated Vireo,P,,0
Yellow-throated Vireo,S7,,0
Yellow-throated Vireo,T,,0
Yellow-throated Vireo,CF,,0
Yellow-throated Vireo,CN,,0
Yellow-throated Vireo,DD,,0
Yellow-throated Vireo,FL,,0
Yellow-throated Vireo,FS,,0
Yellow-throated Vireo,FY,,0
Yellow-throated Vireo,NB,,0
Yellow-throated Vireo,NE,,0
Yellow-throated Vireo,NY,,0
Yellow-throated Vireo,ON,,0
Yellow-throated Vireo,PE,,0
Yellow-throated Vireo,UN,,0
Warbling Vireo,F,,0
Warbling Vireo,H,,0
Warbling Vireo,S,,0
Warbling Vireo,A,,0
Warbling Vireo,B,U,2
Warbling Vireo,C,,0
Warbling Vireo,M,,0
Warbling Vireo,N,,0
Warbling Vireo,P,,0
Warbling Vireo,S7,,0
Warbling Vireo,T,,0
Warbling Vireo,CF,,0
Warbling Vireo,CN,,0
Warbling Vireo,DD,,0
Warbling Vireo,FL,,0
Warbling Vireo,FS,,0
Warbling Vireo,FY,,0
Warbling Vireo,NB,,0
Warbling Vireo,NE,,0
Warbling Vireo,NY,,0
Warbling Vireo,ON,,0
Warbling Vireo,PE,,0
Warbling Vireo,UN,,0
White-eyed Vireo,F,,0
White-eyed Vireo,H,,0
White-eyed Vireo,S,,0
White-eyed Vireo,A,,0
White-eyed Vireo,B,U,2
White-eyed Vireo,C,,0
White-eyed Vireo,M,,0
White-eyed Vireo,N,,0
White-eyed Vireo,P,,0
White-eyed Vireo,S7,,0
White-eyed Vireo,T,,0
White-eyed Vireo,CF,,0
White-eyed Vireo,CN,,0
White-eyed Vireo,DD,,0
White-eyed Vireo,FL,,0
White-eyed Vireo,FS,,0
White-eyed Vireo,FY,,0
White-eyed Vireo,NB,,0
White-eyed Vireo,NE,,0
White-eyed Vireo,NY,,0
White-eyed Vireo,ON,,0
White-eyed Vireo,PE,,0
White-eyed Vireo,UN,,0
Red-eyed Vireo,F,,0
Red-eyed Vireo,H,,0
Red-eyed Vireo,S,,0
Red-eyed Vireo,A,,0
Red-eyed Vireo,B,U,2
Red-eyed Vireo,C,,0
Red-eyed Vireo,M,,0
Red-eyed Vireo,N,,0
Red-eyed Vireo,P,,0
Red-eyed Vireo,S7,,0
Red-eyed Vireo,T,,0
Red-eyed Vireo,CF,,0
Red-eyed Vireo,CN,,0
Red-eyed Vireo,DD,,0
Red-eyed Vireo,FL,,0
Red-eyed Vireo,FS,,0
Red-eyed Vireo,FY,,0
Red-eyed Vireo,NB,,0
Red-eyed Vireo,NE,,0
Red-eyed Vireo,NY,,0
Red-eyed Vireo,ON,,0
Red-eyed Vireo,PE,,0
Red-eyed Vireo,UN,,0
Blue-headed Vireo,F,,0
Blue-headed Vireo,H,,0
Blue-headed Vireo,S,,0
Blue-headed Vireo,A,,0
Blue-headed Vireo,B,U,2
Blue-headed Vireo,C,,0
Blue-headed Vireo,M,,0
Blue-headed Vireo,N,,0
Blue-headed Vireo,P,,0
Blue-headed Vireo,S7,,0
Blue-headed Vireo,T,,0
Blue-headed Vireo,CF,,0
Blue-headed Vireo,CN,,0
Blue-headed Vireo,DD,,0
Blue-headed Vireo,FL,,0
Blue-headed Vireo,FS,,0
Blue-headed Vireo,FY,,0
Blue-headed Vireo,NB,,0
Blue-headed Vireo,NE,,0
Blue-headed Vireo,NY,,0
Blue-headed Vireo,ON,,0
Blue-headed Vireo,PE,,0
Blue-headed Vireo,UN,,0
Great Egret,F,S,0
Great Egret,H,,0
Great Egret,S,,0
Great Egret,A,,0
Great Egret,B,U,2
Great Egret,C,,0
Great Egret,M,,0
Great Egret,N,,0
Great Egret,P,,0
Great Egret,S7,,0
Great Egret,T,,0
Great Egret,CF,,0
Great Egret,CN,,0
Great Egret,DD,,0
Great Egret,FL,,0
Great Egret,FS,,0
Great Egret,FY,,0
Great Egret,NB,,0
Great Egret,NE,,0
Great Egret,NY,,0
Great Egret,ON,,0
Great Egret,PE,,0
Great Egret,UN,,0
Great Blue Heron,F,S,0
Great Blue Heron,H,,0
Great Blue Heron,S,,0
Great Blue Heron,A,,0
Great Blue Heron,B,U,2
Great Blue Heron,C,,0
Great Blue Heron,M,,0
Great Blue Heron,N,,0
Great Blue Heron,P,,0
Great Blue Heron,S7,,0
Great Blue Heron,T,,0
Great Blue Heron,CF,,0
Great Blue Heron,CN,,0
Great Blue Heron,DD,,0
Great Blue Heron,FL,,0
Great Blue Heron,FS,,0
Great Blue Heron,FY,,0
Great Blue Heron,NB,,0
Great Blue Heron,NE,,0
Great Blue Heron,NY,,0
Great Blue Heron,ON,,0
Great Blue Heron,PE,,0
Great Blue Heron,UN,,0
American Bittern,F,S,0
American Bittern,H,,0
American Bittern,S,,0
American Bittern,A,,0
American Bittern,B,U,2
American Bittern,C,,0
American Bittern,M,,0
American Bittern,N,,0
American Bittern,P,,0
American Bittern,S7,,0
American Bittern,T,,0
American Bittern,CF,,0
American Bittern,CN,,0
American Bittern,DD,,0
American Bittern,FL,,0
American Bittern,FS,,0
American Bittern,FY,,0
American Bittern,NB,,0
American Bittern,NE,,0
American Bittern,NY,,0
American Bittern,ON,,0
American Bittern,PE,,0
American Bittern,UN,,0
Cattle Egret,F,S,0
Cattle Egret,H,,0
Cattle Egret,S,,0
Cattle Egret,A,,0
Cattle Egret,B,U,2
Cattle Egret,C,,0
Cattle Egret,M,,0
Cattle Egret,N,,0
Cattle Egret,P,,0
Cattle Egret,S7,,0
Cattle Egret,T,,0
Cattle Egret,CF,,0
Cattle Egret,CN,,0
Cattle Egret,DD,,0
Cattle Egret,FL,,0
Cattle Egret,FS,,0
Cattle Egret,FY,,0
Cattle Egret,NB,,0
Cattle Egret,NE,,0
Cattle Egret,NY,,0
Cattle Egret,ON,,0
Cattle Egret,PE,,0
Cattle Egret,UN,,0
Green Heron,F,S,0
Green Heron,H,,0
Green Heron,S,,0
Green Heron,A,,0
Green Heron,B,U,2
Green Heron,C,,0
Green Heron,M,,0
Green Heron,N,,0
Green Heron,P,,0
Green Heron,S7,,0
Green Heron,T,,0
Green Heron,CF,,0
Green Heron,CN,,0
Green Heron,DD,,0
Green Heron,FL,,0
Green Heron,FS,,0
Green Heron,FY,,0
Green Heron,NB,,0
Green Heron,NE,,0
Green Heron,NY,,0
Green Heron,ON,,0
Green Heron,PE,,0
Green Heron,UN,,0
Little Blue Heron,F,S,0
Little Blue Heron,H,,0
Little Blue Heron,S,,0
Little Blue Heron,A,,0
Little Blue Heron,B,U,2
Little Blue Heron,C,,0
Little Blue Heron,M,,0
Little Blue Heron,N,,0
Little Blue Heron,P,,0
Little Blue Heron,S7,,0
Little Blue Heron,T,,0
Little Blue Heron,CF,,0
Little Blue Heron,CN,,0
Little Blue Heron,DD,,0
Little Blue Heron,FL,,0
Little Blue Heron,FS,,0
Little Blue Heron,FY,,0
Little Blue Heron,NB,,0
Little Blue Heron,NE,,0
Little Blue Heron,NY,,0
Little Blue Heron,ON,,0
Little Blue Heron,PE,,0
Little Blue Heron,UN,,0
Snowy Egret,F,S,0
Snowy Egret,H,,0
Snowy Egret,S,,0
Snowy Egret,A,,0
Snowy Egret,B,U,2
Snowy Egret,C,,0
Snowy Egret,M,,0
Snowy Egret,N,,0
Snowy Egret,P,,0
Snowy Egret,S7,,0
Snowy Egret,T,,0
Snowy Egret,CF,,0
Snowy Egret,CN,,0
Snowy Egret,DD,,0
Snowy Egret,FL,,0
Snowy Egret,FS,,0
Snowy Egret,FY,,0
Snowy Egret,NB,,0
Snowy Egret,NE,,0
Snowy Egret,NY,,0
Snowy Egret,ON,,0
Snowy Egret,PE,,0
Snowy Egret,UN,,0
Tricolored Heron,F,S,0
Tricolored Heron,H,,0
Tricolored Heron,S,,0
Tricolored Heron,A,,0
Tricolored Heron,B,U,2
Tricolored Heron,C,,0
Tricolored Heron,M,,0
Tricolored Heron,N,,0
Tricolored Heron,P,,0
Tricolored Heron,S7,,0
Tricolored Heron,T,,0
Tricolored Heron,CF,,0
Tricolored Heron,CN,,0
Tricolored Heron,DD,,0
Tricolored Heron,FL,,0
Tricolored Heron,FS,,0
Tricolored Heron,FY,,0
Tricolored Heron,NB,,0
Tricolored Heron,NE,,0
Tricolored Heron,NY,,0
Tricolored Heron,ON,,0
Tricolored Heron,PE,,0
Tricolored Heron,UN,,0
Least Bittern,F,S,0
Least Bittern,H,,0
Least Bittern,S,,0
Least Bittern,A,,0
Least Bittern,B,U,2
Least Bittern,C,,0
Least Bittern,M,,0
Least Bittern,N,,0
Least Bittern,P,,0
Least Bittern,S7,,0
Least Bittern,T,,0
Least Bittern,CF,,0
Least Bittern,CN,,0
Least Bittern,DD,,0
Least Bittern,FL,,0
Least Bittern,FS,,0
Least Bittern,FY,,0
Least Bittern,NB,,0
Least Bittern,NE,,0
Least Bittern,NY,,0
Least Bittern,ON,,0
Least Bittern,PE,,0
Least Bittern,UN,,0
Yellow-crowned Night-Heron,F,S,0
Yellow-crowned Night-Heron,H,,0
Yellow-crowned Night-Heron,S,,0
Yellow-crowned Night-Heron,A,,0
Yellow-crowned Night-Heron,B,U,2
Yellow-crowned Night-Heron,C,,0
Yellow-crowned Night-Heron,M,,0
Yellow-crowned Night-Heron,N,,0
Yellow-crowned Night-Heron,P,,0
Yellow-crowned Night-Heron,S7,,0
Yellow-crowned Night-Heron,T,,0
Yellow-crowned Night-Heron,CF,,0
Yellow-crowned Night-Heron,CN,,0
Yellow-crowned Night-Heron,DD,,0
Yellow-crowned Night-Heron,FL,,0
Yellow-crowned Night-Heron,FS,,0
Yellow-crowned Night-Heron,FY,,0
Yellow-crowned Night-Heron,NB,,0
Yellow-crowned Night-Heron,NE,,0
Yellow-crowned Night-Heron,NY,,0
Yellow-crowned Night-Heron,ON,,0
Yellow-crowned Night-Heron,PE,,0
Yellow-crowned Night-Heron,UN,,0
Black-crowned Night-Heron,F,S,0
Black-crowned Night-Heron,H,,0
Black-crowned Night-Heron,S,,0
Black-crowned Night-Heron,A,,0
Black-crowned Night-Heron,B,U,2
Black-crowned Night-Heron,C,,0
Black-crowned Night-Heron,M,,0
Black-crowned Night-Heron,N,,0
Black-crowned Night-Heron,P,,0
Black-crowned Night-Heron,S7,,0
Black-crowned Night-Heron,T,,0
Black-crowned Night-Heron,CF,,0
Black-crowned Night-Heron,CN,,0
Black-crowned Night-Heron,DD,,0
Black-crowned Night-Heron,FL,,0
Black-crowned Night-Heron,FS,,0
Black-crowned Night-Heron,FY,,0
Black-crowned Night-Heron,NB,,0
Black-crowned Night-Heron,NE,,0
Black-crowned Night-Heron,NY,,0
Black-crowned Night-Heron,ON,,0
Black-crowned Night-Heron,PE,,0
Black-crowned Night-Heron,UN,,0
Brown Pelican,F,S,0
Brown Pelican,H,,0
Brown Pelican,S,,0
Brown Pelican,A,,0
Brown Pelican,B,U,2
Brown Pelican,C,,0
Brown Pelican,M,,0
Brown Pelican,N,,0
Brown Pelican,P,,0
Brown Pelican,S7,,0
Brown Pelican,T,,0
Brown Pelican,CF,,0
Brown Pelican,CN,,0
Brown Pelican,DD,,0
Brown Pelican,FL,,0
Brown Pelican,FS,,0
Brown Pelican,FY,,0
Brown Pelican,NB,,0
Brown Pelican,NE,,0
Brown Pelican,NY,,0
Brown Pelican,ON,,0
Brown Pelican,PE,,0
Brown Pelican,UN,,0
White Ibis,F,S,0
White Ibis,H,,0
White Ibis,S,,0
White Ibis,A,,0
White Ibis,B,U,2
White Ibis,C,,0
White Ibis,M,,0
White Ibis,N,,0
White Ibis,P,,0
White Ibis,S7,,0
White Ibis,T,,0
White Ibis,CF,,0
White Ibis,CN,,0
White Ibis,DD,,0
White Ibis,FL,,0
White Ibis,FS,,0
White Ibis,FY,,0
White Ibis,NB,,0
White Ibis,NE,,0
White Ibis,NY,,0
White Ibis,ON,,0
White Ibis,PE,,0
White Ibis,UN,,0
Glossy Ibis,F,S,0
Glossy Ibis,H,,0
Glossy Ibis,S,,0
Glossy Ibis,A,,0
Glossy Ibis,B,U,2
Glossy Ibis,C,,0
Glossy Ibis,M,,0
Glossy Ibis,N,,0
Glossy Ibis,P,,0
Glossy Ibis,S7,,0
Glossy Ibis,T,,0
Glossy Ibis,CF,,0
Glossy Ibis,CN,,0
Glossy Ibis,DD,,0
Glossy Ibis,FL,,0
Glossy Ibis,FS,,0
Glossy Ibis,FY,,0
Glossy Ibis,NB,,0
Glossy Ibis,NE,,0
Glossy Ibis,NY,,0
Glossy Ibis,ON,,0
Glossy Ibis,PE,,0
Glossy Ibis,UN,,0
Northern Flicker,F,,0
Northern Flicker,H,,0
Northern Flicker,S,,0
Northern Flicker,A,,0
Northern Flicker,B,S,0
Northern Flicker,C,,0
Northern Flicker,M,,0
Northern Flicker,N,,0
Northern Flicker,P,,0
Northern Flicker,S7,,0
Northern Flicker,T,,0
Northern Flicker,CF,,0
Northern Flicker,CN,,0
Northern Flicker,DD,,0
Northern Flicker,FL,,0
Northern Flicker,FS,,0
Northern Flicker,FY,,0
Northern Flicker,NB,,0
Northern Flicker,NE,,0
Northern Flicker,NY,,0
Northern Flicker,ON,,0
Northern Flicker,PE,,0
Northern Flicker,UN,U,2
Red-cockaded Woodpecker,F,,0
Red-cockaded Woodpecker,H,,0
Red-cockaded Woodpecker,S,,0
Red-cockaded Woodpecker,A,,0
Red-cockaded Woodpecker,B,S,0
Red-cockaded Woodpecker,C,,0
Red-cockaded Woodpecker,M,,0
Red-cockaded Woodpecker,N,,0
Red-cockaded Woodpecker,P,,0
Red-cockaded Woodpecker,S7,,0
Red-cockaded Woodpecker,T,,0
Red-cockaded Woodpecker,CF,,0
Red-cockaded Woodpecker,CN,,0
Red-cockaded Woodpecker,DD,,0
Red-cockaded Woodpecker,FL,,0
Red-cockaded Woodpecker,FS,,0
Red-cockaded Woodpecker,FY,,0
Red-cockaded Woodpecker,NB,,0
Red-cockaded Woodpecker,NE,,0
Red-cockaded Woodpecker,NY,,0
Red-cockaded Woodpecker,ON,,0
Red-cockaded Woodpecker,PE,,0
Red-cockaded Woodpecker,UN,U,2
Downy Woodpecker,F,,0
Downy Woodpecker,H,,0
Downy Woodpecker,S,,0
Downy Woodpecker,A,,0
Downy Woodpecker,B,S,0
Downy Woodpecker,C,,0
Downy Woodpecker,M,,0
Downy Woodpecker,N,,0
Downy Woodpecker,P,,0
Downy Woodpecker,S7,,0
Downy Woodpecker,T,,0
Downy Woodpecker,CF,,0
Downy Woodpecker,CN,,0
Downy Woodpecker,DD,,0
Downy Woodpecker,FL,,0
Downy Woodpecker,FS,,0
Downy Woodpecker,FY,,0
Downy Woodpecker,NB,,0
Downy Woodpecker,NE,,0
Downy Woodpecker,NY,,0
Downy Woodpecker,ON,,0
Downy Woodpecker,PE,,0
Downy Woodpecker,UN,U,2
Hairy Woodpecker,F,,0
Hairy Woodpecker,H,,0
Hairy Woodpecker,S,,0
Hairy Woodpecker,A,,0
Hairy Woodpecker,B,S,0
Hairy Woodpecker,C,,0
Hairy Woodpecker,M,,0
Hairy Woodpecker,N,,0
Hairy Woodpecker,P,,0
Hairy Woodpecker,S7,,0
Hairy Woodpecker,T,,0
Hairy Woodpecker,CF,,0
Hairy Woodpecker,CN,,0
Hairy Woodpecker,DD,,0
Hairy Woodpecker,FL,,0
Hairy Woodpecker,FS,,0
Hairy Woodpecker,FY,,0
Hairy Woodpecker,NB,,0
Hairy Woodpecker,NE,,0
Hairy Woodpecker,NY,,0
Hairy Woodpecker,ON,,0
Hairy Woodpecker,PE,,0
Hairy Woodpecker,UN,U,2
Pileated Woodpecker,F,,0
Pileated Woodpecker,H,,0
Pileated Woodpecker,S,,0
Pileated Woodpecker,A,,0
Pileated Woodpecker,B,S,0
Pileated Woodpecker,C,,0
Pileated Woodpecker,M,,0
Pileated Woodpecker,N,,0
Pileated Woodpecker,P,,0
Pileated Woodpecker,S7,,0
Pileated Woodpecker,T,,0
Pileated Woodpecker,CF,,0
Pileated Woodpecker,CN,,0
Pileated Woodpecker,DD,,0
Pileated Woodpecker,FL,,0
Pileated Woodpecker,FS,,0
Pileated Woodpecker,FY,,0
Pileated Woodpecker,NB,,0
Pileated Woodpecker,NE,,0
Pileated Woodpecker,NY,,0
Pileated Woodpecker,ON,,0
Pileated Woodpecker,PE,,0
Pileated Woodpecker,UN,U,2
Red-bellied Woodpecker,F,,0
Red-bellied Woodpecker,H,,0
Red-bellied Woodpecker,S,,0
Red-bellied Woodpecker,A,,0
Red-bellied Woodpecker,B,S,0
Red-bellied Woodpecker,C,,0
Red-bellied Woodpecker,M,,0
Red-bellied Woodpecker,N,,0
Red-bellied Woodpecker,P,,0
Red-bellied Woodpecker,S7,,0
Red-bellied Woodpecker,T,,0
Red-bellied Woodpecker,CF,,0
Red-bellied Woodpecker,CN,,0
Red-bellied Woodpecker,DD,,0
Red-bellied Woodpecker,FL,,0
Red-bellied Woodpecker,FS,,0
Red-bellied Woodpecker,FY,,0
Red-bellied Woodpecker,NB,,0
Red-bellied Woodpecker,NE,,0
Red-bellied Woodpecker,NY,,0
Red-bellied Woodpecker,ON,,0
Red-bellied Woodpecker,PE,,0
Red-bellied Woodpecker,UN,U,2
Red-headed Woodpecker,F,,0
Red-headed Woodpecker,H,,0
Red-headed Woodpecker,S,,0
Red-headed Woodpecker,A,,0
Red-headed Woodpecker,B,S,0
Red-headed Woodpecker,C,,0
Red-headed Woodpecker,M,,0
Red-headed Woodpecker,N,,0
Red-headed Woodpecker,P,,0
Red-headed Woodpecker,S7,,0
Red-headed Woodpecker,T,,0
Red-headed Woodpecker,CF,,0
Red-headed Woodpecker,CN,,0
Red-headed Woodpecker,DD,,0
Red-headed Woodpecker,FL,,0
Red-headed Woodpecker,FS,,0
Red-headed Woodpecker,FY,,0
Red-headed Woodpecker,NB,,0
Red-headed Woodpecker,NE,,0
Red-headed Woodpecker,NY,,0
Red-headed Woodpecker,ON,,0
Red-headed Woodpecker,PE,,0
Red-headed Woodpecker,UN,U,2
Yellow-bellied Sapsucker,F,,0
Yellow-bellied Sapsucker,H,,0
Yellow-bellied Sapsucker,S,,0
Yellow-bellied Sapsucker,A,,0
Yellow-bellied Sapsucker,B,U,2
Yellow-bellied Sapsucker,C,,0
Yellow-bellied Sapsucker,M,,0
Yellow-bellied Sapsucker,N,,0
Yellow-bellied Sapsucker,P,,0
Yellow-bellied Sapsucker,S7,,0
Yellow-bellied Sapsucker,T,,0
Yellow-bellied Sapsucker,CF,,0
Yellow-bellied Sapsucker,CN,,0
Yellow-bellied Sapsucker,DD,,0
Yellow-bellied Sapsucker,FL,,0
Yellow-bellied Sapsucker,FS,,0
Yellow-bellied Sapsucker,FY,,0
Yellow-bellied Sapsucker,NB,,0
Yellow-bellied Sapsucker,NE,,0
Yellow-bellied Sapsucker,NY,,0
Yellow-bellied Sapsucker,ON,,0
Yellow-bellied Sapsucker,PE,,0
Yellow-bellied Sapsucker,UN,U,2
Pied-billed Grebe,F,,0
Pied-billed Grebe,H,,0
Pied-billed Grebe,S,,0
Pied-billed Grebe,A,,0
Pied-billed Grebe,B,U,2
Pied-billed Grebe,C,,0
Pied-billed Grebe,M,,0
Pied-billed Grebe,N,,0
Pied-billed Grebe,P,,0
Pied-billed Grebe,S7,,0
Pied-billed Grebe,T,,0
Pied-billed Grebe,CF,,0
Pied-billed Grebe,CN,,0
Pied-billed Grebe,DD,,0
Pied-billed Grebe,FL,,0
Pied-billed Grebe,FS,,0
Pied-billed Grebe,FY,,0
Pied-billed Grebe,NB,,0
Pied-billed Grebe,NE,,0
Pied-billed Grebe,NY,,0
Pied-billed Grebe,ON,,0
Pied-billed Grebe,PE,,0
Pied-billed Grebe,UN,,0
Northern Saw-whet Owl,F,S,0
Northern Saw-whet Owl,H,,0
Northern Saw-whet Owl,S,,0
Northern Saw-whet Owl,A,,0
Northern Saw-whet Owl,B,U,2
Northern Saw-whet Owl,C,,0
Northern Saw-whet Owl,M,,0
Northern Saw-whet Owl,N,,0
Northern Saw-whet Owl,P,,0
Northern Saw-whet Owl,S7,,0
Northern Saw-whet Owl,T,,0
Northern Saw-whet Owl,CF,,0
Northern Saw-whet Owl,CN,,0
Northern Saw-whet Owl,DD,,0
Northern Saw-whet Owl,FL,,0
Northern Saw-whet Owl,FS,,0
Northern Saw-whet Owl,FY,,0
Northern Saw-whet Owl,NB,,0
Northern Saw-whet Owl,NE,,0
Northern Saw-whet Owl,NY,,0
Northern Saw-whet Owl,ON,,0
Northern Saw-whet Owl,PE,,0
Northern Saw-whet Owl,UN,,0
Great Horned Owl,F,S,0
Great Horned Owl,H,,0
Great Horned Owl,S,,0
Great Horned Owl,A,,0
Great Horned Owl,B,U,2
Great Horned Owl,C,,0
Great Horned Owl,M,,0
Great Horned Owl,N,,0
Great Horned Owl,P,,0
Great Horned Owl,S7,,0
Great Horned Owl,T,,0
Great Horned Owl,CF,,0
Great Horned Owl,CN,,0
Great Horned Owl,DD,,0
Great Horned Owl,FL,,0
Great Horned Owl,FS,,0
Great Horned Owl,FY,,0
Great Horned Owl,NB,,0
Great Horned Owl,NE,,0
Great Horned Owl,NY,,0
Great Horned Owl,ON,,0
Great Horned Owl,PE,,0
Great Horned Owl,UN,,0
Eastern Screech-Owl,F,S,0
Eastern Screech-Owl,H,,0
Eastern Screech-Owl,S,,0
Eastern Screech-Owl,A,,0
Eastern Screech-Owl,B,U,2
Eastern Screech-Owl,C,,0
Eastern Screech-Owl,M,,0
Eastern Screech-Owl,N,,0
Eastern Screech-Owl,P,,0
Eastern Screech-Owl,S7,,0
Eastern Screech-Owl,T,,0
Eastern Screech-Owl,CF,,0
Eastern Screech-Owl,CN,,0
Eastern Screech-Owl,DD,,0
Eastern Screech-Owl,FL,,0
Eastern Screech-Owl,FS,,0
Eastern Screech-Owl,FY,,0
Eastern Screech-Owl,NB,,0
Eastern Screech-Owl,NE,,0
Eastern Screech-Owl,NY,,0
Eastern Screech-Owl,ON,,0
Eastern Screech-Owl,PE,,0
Eastern Screech-Owl,UN,,0
Barred Owl,F,S,0
Barred Owl,H,,0
Barred Owl,S,,0
Barred Owl,A,,0
Barred Owl,B,U,2
Barred Owl,C,,0
Barred Owl,M,,0
Barred Owl,N,,0
Barred Owl,P,,0
Barred Owl,S7,,0
Barred Owl,T,,0
Barred Owl,CF,,0
Barred Owl,CN,,0
Barred Owl,DD,,0
Barred Owl,FL,,0
Barred Owl,FS,,0
Barred Owl,FY,,0
Barred Owl,NB,,0
Barred Owl,NE,,0
Barred Owl,NY,,0
Barred Owl,ON,,0
Barred Owl,PE,,0
Barred Owl,UN,,0
Barn Owl,F,S,0
Barn Owl,H,,0
Barn Owl,S,,0
Barn Owl,A,,0
Barn Owl,B,U,2
Barn Owl,C,,0
Barn Owl,M,,0
Barn Owl,N,,0
Barn Owl,P,,0
Barn Owl,S7,,0
Barn Owl,T,,0
Barn Owl,CF,,0
Barn Owl,CN,,0
Barn Owl,DD,,0
Barn Owl,FL,,0
Barn Owl,FS,,0
Barn Owl,FY,,0
Barn Owl,NB,,0
Barn Owl,NE,,0
Barn Owl,NY,,0
Barn Owl,ON,,0
Barn Owl,PE,,0
Barn Owl,UN,,0
Anhinga,F,S,0
Anhinga,H,,0
Anhinga,S,U,2
Anhinga,A,,0
Anhinga,B,U,2
Anhinga,C,,0
Anhinga,M,,0
Anhinga,N,,0
Anhinga,P,,0
Anhinga,S7,U,2
Anhinga,T,,0
Anhinga,CF,,0
Anhinga,CN,,0
Anhinga,DD,,0
Anhinga,FL,,0
Anhinga,FS,,0
Anhinga,FY,,0
Anhinga,NB,,0
Anhinga,NE,,0
Anhinga,NY,,0
Anhinga,ON,,0
Anhinga,PE,,0
Anhinga,UN,,0
Double-crested Cormorant,F,S,0
Double-crested Cormorant,H,,0
Double-crested Cormorant,S,U,2
Double-crested Cormorant,A,,0
Double-crested Cormorant,B,U,2
Double-crested Cormorant,C,,0
Double-crested Cormorant,M,,0
Double-crested Cormorant,N,,0
Double-crested Cormorant,P,,0
Double-crested Cormorant,S7,U,2
Double-crested Cormorant,T,,0
Double-crested Cormorant,CF,,0
Double-crested Cormorant,CN,,0
Double-crested Cormorant,DD,,0
Double-crested Cormorant,FL,,0
Double-crested Cormorant,FS,,0
Double-crested Cormorant,FY,,0
Double-crested Cormorant,NB,,0
Double-crested Cormorant,NE,,0
Double-crested Cormorant,NY,,0
Double-crested Cormorant,ON,,0
Double-crested Cormorant,PE,,0
Double-crested Cormorant,UN,,0
