AC_ID,Species_EnglishName,Species_ScientificName,Alert_Level,Alert_Number,Designations,Alpha_Code_6,Note,US_STATUS,CANADA_STATUS
Alle alle,Dovekie,Alle alle,Orange,2,,ALLALL,,,
Ammospiza leconteii,LeConte's Sparrow,Ammospiza leconteii,Orange,2,,AMMLEC,,,
Anthus spragueii,Sprague's Pipit,Anthus spragueii,Orange,2,SARA,ANTSPR,,,
Arenaria interpres,Ruddy Turnstone,Arenaria interpres,Orange,2,,AREINT,,,
Calidris alba,Sanderling,Calidris alba,Orange,2,,CALALB,,,
Calidris canutus,Red Knot,Calidris canutus,Orange,2,"ESA, SARA",CALCAN,,ESA,SARA
Calidris himantopus,Stilt Sandpiper,Calidris himantopus,Orange,2,,CALHIM,,,
Calidris melanotos,Pectoral Sandpiper,Calidris melanotos,Orange,2,,CALMET,,,
Calidris pusilla,Semipalmated Sandpiper,Calidris pusilla,Orange,2,,CALPUS,,,
Calidris subruficollis,Buff-breasted Sandpiper,Calidris subruficollis,Orange,2,SARA,CALSUR,,,
Cardinalis sinuatus,Pyrrhuloxia,Cardinalis sinuatus,Orange,2,,CARSIN,,,
Charadrius melodus,Piping Plover,Charadrius melodus,Orange,2,"ESA, SARA",CHAMEL,,ESA,SARA
Chaetura pelagica,Chimney Swift,Chaetura pelagica,Orange,2,SARA,CHAPEL,,,
Clangula hyemalis,Long-tailed Duck,Clangula hyemalis,Orange,2,,CLAHYE,,,
Coccothraustes vespertinus,Evening Grosbeak,Coccothraustes vespertinus,Orange,2,SARA,COCVES,,,
Cypseloides niger,Black Swift,Cypseloides niger,Orange,2,SARA,CYPNIG,,,
Dolichonyx oryzivorus,Bobolink,Dolichonyx oryzivorus,Orange,2,SARA,DOLORY,,,
Grus americana,Whooping Crane,Grus americana,Orange,2,,GRUAME,"Poorly Monitored species, for which urgency is assessed through expert-assigned vulnerability scores.",,
Gymnogyps californianus,California Condor,Gymnogyps californianus,Orange,2,,GYMCAL,,,
#N/A,Short-billed Gull,Larus brachyrhynchus,Orange,2,,LARBRA,,,
Larus hyperboreus,Glaucous Gull,Larus hyperboreus,Orange,2,,LARHYP,,,
Larus marinus,Great Black-backed Gull,Larus marinus,Orange,2,,LARMAR,,,
Larus occidentalis,Western Gull,Larus occidentalis,Orange,2,,LAROCC,,,
Limnodromus griseus,Short-billed Dowitcher,Limnodromus griseus,Orange,2,,LIMGRI,,,
Limnodromus scolopaceus,Long-billed Dowitcher,Limnodromus scolopaceus,Orange,2,,LIMSCO,,,
Numenius phaeopus,Whimbrel,Numenius phaeopus,Orange,2,,NUMPHA,,,
Pipilo erythrophthalmus,Eastern Towhee,Pipilo erythrophthalmus,Orange,2,,PIPERY,,,
Pluvialis dominica,American Golden-Plover,Pluvialis dominica,Orange,2,,PLUDOM,,,
Pluvialis squatarola,Black-bellied Plover,Pluvialis squatarola,Orange,2,,PLUSQU,,,
Rallus elegans,King Rail,Rallus elegans,Orange,2,SARA,RALLON,,,
Selasphorus rufus,Rufous Hummingbird,Selasphorus rufus,Orange,2,,SELRUF,,,
Setophaga kirtlandii,Kirtland’s Warbler,Setophaga kirtlandii,Orange,2,,SETKIR,,,
Somateria spectabilis,King Eider,Somateria spectabilis,Orange,2,,SOMSPE,,,
Sternula antillarum,Least Tern,Sternula antillarum,Orange,2,ESA,STEANT,,,
Tringa flavipes,Lesser Yellowlegs,Tringa flavipes,Orange,2,,TRIFLA,,,
Tringa melanoleuca,Greater Yellowlegs,Tringa melanoleuca,Orange,2,,TRIMEL,,,
Phalacrocorax pelagicus,Pelagic Cormorant,Urile pelagicus,Orange,2,,URIPEL,,,
Agelaius tricolor,Tricolored Blackbird,Agelaius tricolor,Red,1,,AGETRI,"Poorly Monitored species, for which urgency is assessed through expert-assigned vulnerability scores.",,
Ammospiza caudacuta,Saltmarsh Sparrow,Ammospiza caudacuta,Red,1,,AMMCAU,"Poorly Monitored species, for which urgency is assessed through expert-assigned vulnerability scores.",,
Anas fulvigula,Mottled Duck,Anas fulvigula,Red,1,,ANAFUL,,,
Aphelocoma coerulescens,Florida Scrub-Jay,Aphelocoma coerulescens,Red,1,ESA,APHCOE,"Poorly Monitored species, for which urgency is assessed through expert-assigned vulnerability scores.",,
Ardenna creatopus,Pink-footed Shearwater,Ardenna creatopus,Red,1,SARA,ARDCRE,"Poorly Monitored species, for which urgency is assessed through expert-assigned vulnerability scores.",,
Brachyramphus brevirostris,Kittlitz's Murrelet,Brachyramphus brevirostris,Red,1,,BRABRE,"Poorly Monitored species, for which urgency is assessed through expert-assigned vulnerability scores.",,
Calcarius ornatus,Chestnut-collared Longspur,Calcarius ornatus,Red,1,SARA,CALORN,,,
Catharus bicknelli,Bicknell's Thrush,Catharus bicknelli,Red,1,SARA,CATBIC,"Poorly Monitored species, for which urgency is assessed through expert-assigned vulnerability scores.",,
Centronyx bairdii,Baird's Sparrow,Centronyx bairdii,Red,1,SARA,CENBAI,,,
Centrocercus minimus,Gunnison Sage-Grouse,Centrocercus minimus,Red,1,ESA,CENMIN,"Poorly Monitored species, for which urgency is assessed through expert-assigned vulnerability scores.",,
Centrocercus urophasianus,Greater Sage-Grouse,Centrocercus urophasianus,Red,1,SARA,CENURO,,,
Charadrius montanus,Mountain Plover,Charadrius montanus,Red,1,SARA,CHAMOT,,,
Charadrius wilsonia,Wilson’s Plover,Charadrius wilsonia,Red,1,,CHAWIL,,,
Gavia adamsii,Yellow-billed Loon,Gavia adamsii,Red,1,,GAVADA,,,
Hydrobates castro,Band-rumped Storm-Petrel,Hydrobates castro,Red,1,,HYDCAT,"Poorly Monitored species, for which urgency is assessed through expert-assigned vulnerability scores.",,
Hydrobates homochroa,Ashy Storm-Petrel,Hydrobates homochroa,Red,1,,HYDHOM,"Poorly Monitored species, for which urgency is assessed through expert-assigned vulnerability scores.",,
Hydrobates socorroensis,Townsend's Storm-Petrel,Hydrobates socorroensis,Red,1,,HYDSOC,"Poorly Monitored species, for which urgency is assessed through expert-assigned vulnerability scores.",,
Laterallus jamaicensis,Black Rail,Laterallus jamaicensis,Red,1,,LATJAM,"Poorly Monitored species, for which urgency is assessed through expert-assigned vulnerability scores.",,
Leucosticte australis,Brown-capped Rosy-Finch,Leucosticte australis,Red,1,,LEUAUS,"Poorly Monitored species, for which urgency is assessed through expert-assigned vulnerability scores.",,
Limosa haemastica,Hudsonian Godwit,Limosa haemastica,Red,1,,LIMHAE,,,
Loxia sinesciuris,Cassia Crossbill,Loxia sinesciuris,Red,1,,LOXSIN,"Poorly Monitored species, for which urgency is assessed through expert-assigned vulnerability scores.",,
Numenius tahitiensis,Bristle-thighed Curlew,Numenius tahitiensis,Red,1,,NUMTAH,"Poorly Monitored species, for which urgency is assessed through expert-assigned vulnerability scores.",,
Peucaea aestivalis,Bachman's Sparrow,Peucaea aestivalis,Red,1,,PEUAES,,,
Pica nuttalli,Yellow-billed Magpie,Pica nuttalli,Red,1,,PICNUT,,,
Polysticta stelleri,Steller's Eider,Polysticta stelleri,Red,1,ESA,POLSTE,"Poorly Monitored species, for which urgency is assessed through expert-assigned vulnerability scores.",,
Pterodroma cahow,Bermuda Petrel,Pterodroma cahow,Red,1,ESA,PTECAH,"Poorly Monitored species, for which urgency is assessed through expert-assigned vulnerability scores.",,
Pterodroma feae,Fea's Petrel,Pterodroma feae,Red,1,,PTEFEA,"Poorly Monitored species, for which urgency is assessed through expert-assigned vulnerability scores.",,
Pterodroma hasitata,Black-capped Petrel,Pterodroma hasitata,Red,1,,PTEHAS,"Poorly Monitored species, for which urgency is assessed through expert-assigned vulnerability scores.",,
Pterodroma sandwichensis,Hawaiian Petrel,Pterodroma sandwichensis,Red,1,ESA,PTESAN,"Poorly Monitored species, for which urgency is assessed through expert-assigned vulnerability scores.",,
Rallus obsoletus,Ridgway's Rail,Rallus obsoletus,Red,1,ESA,RALOBS,"Poorly Monitored species, for which urgency is assessed through expert-assigned vulnerability scores.",,
Rhynchophanes mccownii,Thick-billed Longspur,Rhynchophanes mccownii,Red,1,SARA,RHYMCC,,,
Selasphorus sasin,Allen's Hummingbird,Selasphorus sasin,Red,1,,SELSAS,,,
Setophaga chrysoparia,Golden-cheeked Warbler,Setophaga chrysoparia,Red,1,,SETCHR,"Poorly Monitored species, for which urgency is assessed through expert-assigned vulnerability scores.",,
Somateria fischeri,Spectacled Eider,Somateria fischeri,Red,1,ESA,SOMFIS,"Poorly Monitored species, for which urgency is assessed through expert-assigned vulnerability scores.",,
Synthliboramphus craveri,Craveri's Murrelet,Synthliboramphus craveri,Red,1,,SYNCRA,"Poorly Monitored species, for which urgency is assessed through expert-assigned vulnerability scores.",,
Synthliboramphus hypoleucus,Guadalupe Murrelet,Synthliboramphus hypoleucus,Red,1,,SYNHYP,"Poorly Monitored species, for which urgency is assessed through expert-assigned vulnerability scores.",,
Synthliboramphus scrippsi,Scripp's Murrelet,Synthliboramphus scrippsi,Red,1,,SYNSCR,"Poorly Monitored species, for which urgency is assessed through expert-assigned vulnerability scores.",,
Toxostoma bendirei,Bendire's Thrasher,Toxostoma bendirei,Red,1,,TOXBEN,,,
Toxostoma lecontei,LeConte's Thrasher,Toxostoma lecontei,Red,1,,TOXLEC,,,
Tympanuchus cupido,Greater Prairie-Chicken,Tympanuchus cupido,Red,1,SARA,TYMCUP,,,
Tympanuchus pallidicinctus,Lesser Prairie-Chicken,Tympanuchus pallidicinctus,Red,1,ESA,TYMPAL,"Poorly Monitored species, for which urgency is assessed through expert-assigned vulnerability scores.",,
Phalacrocorax urile,Red-faced Cormorant,Urile urile,Red,1,,URIURI,,,
Anas acuta,Northern Pintail,Anas acuta,Yellow,3,,ANAACU,,,
Antrostomus vociferus,Eastern Whip-poor-will,Antrostomus vociferus,Yellow,3,SARA,ANTVOC,,,
Artemisiospiza nevadensis,Sagebrush Sparrow,Artemisiospiza nevadensis,Yellow,3,,ARTNEV,,,
Brachyramphus marmoratus,Marbled Murrelet,Brachyramphus marmoratus,Yellow,3,"ESA, SARA",BRAMAR,,ESA,SARA
Calidris ptilocnemis,Rock Sandpiper,Calidris ptilocnemis,Yellow,3,,CALPTI,,,
Centronyx henslowii,Henslow's Sparrow,Centronyx henslowii,Yellow,3,SARA,CENHEN,,,
Charadrius nivosus,Snowy Plover,Charadrius nivosus,Yellow,3,,CHANIV,"Poorly Monitored species, for which urgency is assessed through expert-assigned vulnerability scores.",,
Contopus cooperi,Olive-sided Flycatcher,Contopus cooperi,Yellow,3,SARA,CONCOO,,,
Coturnicops noveboracensis,Yellow Rail,Coturnicops noveboracensis,Yellow,3,SARA,COTNOV,"Poorly Monitored species, for which urgency is assessed through expert-assigned vulnerability scores.",,
Dryobates borealis,Red-cockaded Woodpecker,Dryobates borealis,Yellow,3,,DRYBOR,,,
Egretta rufescens,Reddish Egret,Egretta rufescens,Yellow,3,,EGRRUF,"Poorly Monitored species, for which urgency is assessed through expert-assigned vulnerability scores.",,
Gymnorhinus cyanocephalus,Pinyon Jay,Gymnorhinus cyanocephalus,Yellow,3,,GYMCYA,,,
Haematopus palliatus,American Oystercatcher,Haematopus palliatus,Yellow,3,,HAEPAL,"Poorly Monitored species, for which urgency is assessed through expert-assigned vulnerability scores.",,
Hylocichla mustelina,Wood Thrush,Hylocichla mustelina,Yellow,3,SARA,HYLMUS,,,
Leucosticte atrata,Black Rosy-Finch,Leucosticte atrata,Yellow,3,,LEUATT,"Poorly Monitored species, for which urgency is assessed through expert-assigned vulnerability scores.",,
Limosa lapponica,Bar-tailed Godwit,Limosa lapponica,Yellow,3,,LIMLAP,"Poorly Monitored species, for which urgency is assessed through expert-assigned vulnerability scores.",,
Melanitta americana,Black Scoter,Melanitta americana,Yellow,3,,MELAME,,,
Melanerpes lewis,Lewis’s Woodpecker,Melanerpes lewis,Yellow,3,,MELLEW,,,
Pagophila eburnea,Ivory Gull,Pagophila eburnea,Yellow,3,SARA,PAGEBU,"Poorly Monitored species, for which urgency is assessed through expert-assigned vulnerability scores.",,
Phoebastria albatrus,Short-tailed Albatross,Phoebastria albatrus,Yellow,3,,PHOALB,"Poorly Monitored species, for which urgency is assessed through expert-assigned vulnerability scores.",,
Podiceps auritus,Horned Grebe,Podiceps auritus,Yellow,3,,PODAUR,,,
Puffinus lherminieri,Audubon's Shearwater,Puffinus lherminieri,Yellow,3,,PUFLHE,"Poorly Monitored species, for which urgency is assessed through expert-assigned vulnerability scores.",,
Puffinus puffinus,Manx Shearwater,Puffinus puffinus,Yellow,3,,PUFPUF,"Poorly Monitored species, for which urgency is assessed through expert-assigned vulnerability scores.",,
Setophaga cerulea,Cerulean Warbler,Setophaga cerulea,Yellow,3,SARA,SETCER,,,
Setophaga discolor,Prairie Warbler,Setophaga discolor,Yellow,3,,SETDIS,,,
Setophaga graciae,Grace's Warbler,Setophaga graciae,Yellow,3,,SETGRA,,,
Spizella atrogularis,Black-chinned Sparrow,Spizella atrogularis,Yellow,3,,SPIATG,,,
Spizella pusilla,Field Sparrow,Spizella pusilla,Yellow,3,,SPIPUS,,,
Strix occidentalis,Spotted Owl,Strix occidentalis,Yellow,3,"ESA, SARA",STROCC,"Poorly Monitored species, for which urgency is assessed through expert-assigned vulnerability scores.",ESA,SARA
,Chihuahuan Meadowlark,Sturnella lilianae,Yellow,3,,STULIL,,,
Tringa incana,Wandering Tattler,Tringa incana,Yellow,3,,TRIINC,"Poorly Monitored species, for which urgency is assessed through expert-assigned vulnerability scores.",,
Vermivora chrysoptera,Golden-winged Warbler,Vermivora chrysoptera,Yellow,3,SARA,VERCHR,,,
Zonotrichia querula,Harris's Sparrow,Zonotrichia querula,Yellow,3,SARA,ZONQUE,,,
